u,v,weight
1,2,2008
1,12,2105
1,1363,6070
2,13,1478
2,48,1541
3,4,395
3,3874,4167
4,3926,627
4,3937,1541
5,6,1935
5,1204,4801
5,1214,3361
5,1219,8456
7,8,3828
7,1147,2275
7,1148,5849
9,10,4182
9,11,3500
9,603,4082
10,1197,2670
10,6444,4510
14,15,3427
14,237,9927
14,251,5257
23,24,6768
23,6086,7614
23,6095,9974
27,28,1957
27,2494,956
28,2494,1213
29,30,1295
29,42,2686
29,1150,1649
30,1152,2500
38,39,2545
38,4691,7961
61,71,557
69,70,1136
70,71,883
70,2161,4705
71,1852,1493
71,2160,2616
72,73,12904
72,6112,9280
72,6148,18502
74,75,1995
74,76,3516
74,2458,3899
75,2437,9989
75,2457,8492
75,2463,4418
77,78,1220
77,79,2327
77,2751,1528
78,80,11763
78,81,3209
80,2457,1451
82,83,922
82,84,4359
82,2755,2065
83,2737,419
83,2740,503
85,86,19802
85,4551,17835
85,4552,7156
86,87,25583
87,4574,11195
96,97,5864
96,98,3085
96,217,6390
98,99,7754
98,221,8612
100,101,7942
100,233,687
100,234,1257
101,250,645
101,261,6949
102,103,15293
102,1540,6353
102,5187,15579
103,5185,4704
103,5188,2786
106,107,14478
106,109,9253
106,111,2302
107,5813,8055
108,109,5712
108,4602,9594
109,110,11997
110,112,7504
110,114,10022
111,117,9374
112,167,12030
112,175,15558
113,114,279
113,115,3590
115,189,18755
116,117,10601
116,118,6379
117,6503,3853
118,119,2630
118,120,9078
120,123,3868
121,122,4454
121,5905,15735
121,5916,1740
123,124,5344
123,125,8984
124,5819,5460
124,5924,11261
125,126,5415
125,129,1310
126,127,2578
126,128,5212
128,6423,1522
129,130,17398
129,5943,8637
130,131,13738
130,290,22919
131,132,3152
131,134,10615
133,134,7214
133,5933,10877
134,135,2511
135,136,1338
135,137,4214
138,139,8892
138,140,6688
138,5941,8892
139,141,1507
139,142,6727
140,143,1969
140,146,19335
143,144,4742
143,145,1181
146,150,1956
146,151,1912
147,148,5678
147,149,8978
147,154,4505
152,153,5604
152,161,6953
152,304,16775
154,155,2375
154,5954,6605
156,157,4811
156,158,3425
156,159,4885
159,160,3707
159,496,17323
161,162,12541
161,163,7216
162,499,3636
162,503,11312
163,326,1405
166,167,9826
166,170,6513
166,171,2310
167,175,6884
168,169,3363
168,4731,1373
168,4733,859
169,4738,6270
170,4719,4701
171,172,8538
171,178,20241
172,177,9359
172,180,25591
173,174,4907
173,179,10705
173,181,4573
174,178,10977
175,176,11988
176,187,13897
176,191,3015
178,6376,14367
179,180,2294
179,186,9627
181,182,1405
181,202,8544
181,4503,3603
182,183,5304
182,184,12402
183,185,2223
184,215,2902
186,198,19910
188,189,2253
188,190,1956
188,289,34113
190,192,603
191,192,9832
191,193,6737
193,194,1276
193,200,7514
194,195,1739
194,197,9929
195,198,4130
195,199,14087
196,197,8196
196,202,8832
196,205,4364
196,295,4090
199,4623,1915
200,201,982
201,6417,305
203,204,19279
203,207,17827
203,208,2493
204,253,4223
205,206,5622
205,209,5582
207,263,2047
207,264,3543
208,209,2580
209,210,4170
210,211,5478
210,298,9842
211,212,757
211,302,5967
212,213,5780
213,214,3194
213,303,7767
214,264,5444
214,266,2509
215,216,4945
215,218,7717
216,217,2711
217,220,8985
218,219,2772
218,224,7391
220,4797,9210
220,4799,5790
221,231,8072
221,232,3085
222,223,1989
222,232,8544
222,237,19404
223,225,3048
225,226,35606
225,227,1905
227,228,1257
228,229,10277
229,255,32547
229,256,3250
231,261,2245
232,233,8462
233,234,687
234,235,833
235,236,6199
235,238,5222
236,237,12361
236,239,1781
236,4814,23283
239,240,9691
239,241,3351
240,245,1667
240,247,5273
242,243,4351
242,244,3940
242,245,4175
245,246,3141
246,248,7195
246,1549,17045
250,4811,5443
251,252,14872
251,273,2946
252,1549,7675
252,2315,6520
253,254,7456
253,263,9700
255,274,2375
255,276,5058
256,257,9954
256,260,7721
257,258,1379
257,259,1965
260,262,10332
260,270,3192
263,265,14166
266,267,2232
266,374,6079
267,268,6868
267,269,31967
268,374,6974
268,376,5421
269,281,2678
269,282,1389
270,281,1065
271,272,5146
271,278,1902
271,279,1676
272,278,6950
272,6501,6614
272,6502,2495
273,274,883
274,275,4297
276,277,3565
276,278,1584
278,6500,5978
279,280,4407
280,282,23726
280,285,8722
280,286,10835
281,6491,1516
282,283,7485
283,284,2254
283,379,12012
284,380,16265
284,391,5255
286,287,4334
286,1596,5005
287,288,4777
287,1612,4826
289,292,1131
289,293,1871
290,291,17746
291,306,628
291,307,2843
292,293,1491
292,294,9133
293,306,7665
294,295,6447
294,296,14086
294,297,2773
296,299,4038
296,301,5056
297,343,2512
298,299,1402
298,300,6260
304,305,9466
304,324,6431
305,316,1956
305,330,3977
307,308,1405
307,309,8171
308,310,1451
310,311,882
310,313,6597
311,312,4431
313,318,933
313,319,882
314,315,3859
314,316,859
314,321,859
316,317,2010
317,321,1764
317,331,4092
318,319,1188
318,320,1622
319,321,6833
320,337,4284
320,342,3898
320,343,2933
322,323,1680
322,330,6126
322,334,4147
324,325,9988
324,327,5180
326,6400,2944
326,6401,3427
327,328,4357
327,329,2208
330,333,3570
331,332,4651
331,335,4427
333,334,3125
334,632,2324
335,336,3465
335,340,7691
337,338,251
338,339,679
339,625,8343
341,342,10144
341,344,4489
342,345,1484
344,346,10175
345,346,1171
345,347,1205
346,348,13720
347,349,12591
348,350,4615
348,367,2662
349,362,1005
349,364,1181
350,351,10537
350,354,1077
352,353,725
352,354,2651
353,6493,4454
353,6494,3125
354,355,7621
355,356,7800
355,357,4505
358,359,3244
358,360,4681
358,361,5654
361,362,1956
361,363,4823
362,364,1389
363,651,5070
363,652,4614
364,365,933
365,366,3981
365,654,5241
366,653,3988
366,659,7971
367,368,16492
367,369,2060
368,415,5922
368,417,2810
369,370,2778
369,371,8382
372,373,5326
372,659,2756
372,661,7317
373,662,4280
374,375,3340
376,377,14263
376,378,10828
378,382,5278
378,383,7782
380,381,5222
381,382,3261
382,384,6857
384,385,1047
385,386,7226
385,388,2509
386,387,594
388,389,2370
388,402,1525
389,390,2223
389,412,8800
391,392,4741
391,393,6919
393,394,8053
393,396,18615
394,395,3899
394,402,8053
396,397,838
397,398,3557
397,399,9955
398,405,12852
398,408,5679
399,1878,2555
399,1880,12224
400,401,6383
400,405,6076
400,407,5274
402,403,11341
403,404,3131
403,405,9835
404,406,5803
404,435,3373
406,441,12240
406,442,7352
408,1885,5156
408,1886,5620
409,410,2565
409,411,5862
409,415,5147
413,414,5612
413,428,7312
415,416,3120
417,418,3101
417,817,7792
418,419,6634
418,420,8032
419,421,3862
419,422,9234
420,422,688
420,432,9753
422,423,1095
423,428,1185
423,430,687
424,425,7578
424,2614,2656
424,2665,341
425,2622,2114
425,2624,2114
426,427,6745
426,466,2061
426,472,3780
428,429,4574
428,430,1698
430,432,7446
431,432,11981
431,472,1492
431,473,1936
433,434,1131
433,435,9254
433,437,5265
435,436,11526
436,468,3889
436,469,3989
437,438,3154
437,439,5803
438,440,3169
438,465,3770
441,443,5195
441,444,2315
444,445,10250
444,461,4826
445,1982,3940
445,1990,5605
446,447,4132
446,453,2220
446,469,3563
447,6377,925
448,449,1287
448,452,1780
448,477,218
449,450,556
449,451,3360
451,454,883
451,456,1945
451,457,1084
452,453,1651
452,457,1912
453,477,1248
454,455,3931
454,458,1667
457,481,5803
459,460,3519
459,464,4662
459,481,5014
461,462,3400
461,463,3670
462,483,6692
462,6375,1212
465,466,2558
466,467,2553
469,470,2898
470,471,1873
471,475,2315
473,474,969
474,475,7306
474,476,2315
476,848,859
476,849,1005
478,479,24087
478,2016,2368
478,2017,3427
479,480,1678
480,848,8395
481,482,3063
482,483,883
482,485,16887
483,484,4652
485,1992,556
486,487,5213
486,488,11816
486,489,5567
488,2017,1186
488,2019,6444
489,490,5566
489,491,1044
490,859,5255
490,860,2858
492,493,1268
492,496,417
492,498,1005
493,495,2646
493,5952,1699
494,495,3921
494,500,8509
494,501,19961
495,498,1677
495,6066,4381
496,497,1318
497,499,4077
499,502,4038
501,504,4737
501,506,15147
503,509,4397
503,619,3769
504,505,2309
504,507,9406
506,618,6272
506,626,6377
507,514,2169
507,518,5540
508,509,3193
509,617,5044
510,511,9206
510,626,4400
510,627,8705
511,512,2044
511,513,9367
514,515,1441
516,517,9518
516,530,5353
516,630,3912
519,520,2255
519,528,6131
519,533,10556
521,522,5085
521,523,688
522,525,556
522,526,4573
523,524,4087
523,539,13590
524,525,556
524,527,6126
527,538,11555
527,540,7763
528,529,3852
528,530,3731
530,535,5057
531,532,12995
531,533,3760
531,534,6023
533,535,4761
533,537,4697
534,547,8229
535,536,7957
536,549,1181
536,679,6552
538,539,5189
538,542,4875
539,6089,4381
540,541,6075
540,542,6865
542,543,8078
543,553,1191
544,545,3139
544,546,9519
544,548,4851
546,551,5109
546,563,5094
547,549,9897
547,550,628
549,682,2902
550,551,3188
551,552,7455
552,571,430
552,1035,430
553,556,1391
553,557,1739
554,555,2371
554,556,417
555,577,8047
555,6181,8262
556,557,1255
557,558,922
558,559,1618
558,562,4181
559,560,10731
559,561,1405
560,564,5019
561,572,8459
561,573,972
563,564,7189
563,567,3046
565,566,3777
565,573,565
565,574,684
567,568,2398
567,569,466
568,570,5517
568,571,1289
569,570,3847
569,574,2749
570,576,2662
573,575,4404
574,6443,3965
575,580,2646
575,581,2509
577,578,10763
578,579,5693
578,6191,6352
579,590,1697
579,591,1739
581,582,1674
581,583,1968
583,584,1719
583,585,2176
586,587,11434
586,596,6311
586,597,8456
586,612,5002
587,591,7847
587,599,6791
588,589,7107
588,592,838
588,594,1964
590,591,1781
590,592,1567
592,593,13649
593,595,2870
594,595,13384
594,603,3543
596,598,5156
596,600,7295
597,1038,2166
597,1040,335
598,1147,3978
598,1155,10290
600,601,4156
600,602,4737
602,613,14085
602,614,5989
603,604,883
604,605,6605
604,606,2188
605,607,4998
605,609,4764
606,608,3500
606,1197,7168
607,608,8274
607,610,3876
608,6211,2845
609,610,5926
609,611,4374
612,6384,1263
613,1161,2798
613,3426,3047
614,615,7292
614,3387,5616
615,616,1524
615,3389,6251
616,1160,3389
618,620,9946
618,627,5414
619,621,4870
619,622,4835
620,622,4450
620,633,4701
621,623,5313
621,624,6724
622,631,502
625,636,303
627,628,6945
629,630,9506
629,679,6945
629,681,4741
630,678,2111
631,634,297
634,635,1449
635,636,177
635,637,511
635,638,1104
637,639,875
638,641,565
639,640,168
640,645,1584
641,642,565
642,643,726
642,646,4053
643,644,1818
643,649,8481
644,666,2245
644,670,5714
645,681,3700
646,647,1044
646,648,5692
648,649,2509
648,685,6282
649,650,2535
652,656,6403
652,657,5303
653,655,5870
653,658,2940
655,658,5274
655,660,3230
659,660,2475
660,663,15777
661,662,7868
661,6424,7532
663,674,4761
663,677,10540
664,665,4878
664,6022,10479
664,6025,3257
666,669,3598
666,670,7287
667,668,4482
667,750,3017
667,5965,1160
669,672,6039
669,673,1905
670,671,2783
672,749,3213
673,740,7619
674,675,2847
674,676,3169
676,821,7024
676,830,4376
677,749,1880
677,754,3940
677,755,5383
679,680,5442
681,684,3680
681,685,3731
682,683,3349
683,703,2655
683,704,4937
684,710,4266
685,686,3331
686,687,2087
687,688,4573
687,691,4637
688,696,1844
688,699,1739
689,690,4188
689,692,2747
689,694,2578
691,6378,1722
692,693,3084
692,695,2721
694,699,1677
694,718,6096
695,705,10097
695,717,1904
696,697,1822
696,698,1460
698,701,16456
698,702,9183
699,700,2500
701,739,7979
702,741,2262
702,742,4999
705,706,5555
705,707,8357
706,711,2535
706,714,5800
707,717,1702
707,6474,2454
708,709,2281
708,710,251
709,1037,1846
711,712,2647
711,713,2578
713,724,2112
713,725,2778
714,715,1131
714,1032,1155
715,716,6142
715,731,2691
716,730,1405
716,731,2093
717,718,2809
718,719,2721
719,720,2511
719,721,2573
721,722,4297
721,728,628
722,723,4064
722,734,6957
725,726,3912
725,732,2527
726,727,3415
726,729,1003
728,729,1783
728,733,4680
729,6412,1233
731,733,5140
733,1047,3463
733,1049,1542
734,771,5846
734,772,2528
735,736,2019
735,772,3357
735,779,7058
736,737,3345
736,738,2512
741,743,933
743,744,2798
743,745,1083
744,746,2786
744,770,2560
746,747,2900
746,748,4304
746,774,3372
749,751,1392
751,752,503
752,753,2119
752,756,3929
754,891,2310
754,892,11357
755,896,1188
755,901,1566
756,757,5344
756,760,3530
758,759,3731
758,760,2223
758,766,882
760,764,2786
761,762,594
762,763,2553
762,764,3560
763,765,3824
763,767,1698
764,768,628
765,898,1338
768,769,2369
769,801,4172
769,804,4680
771,773,4611
772,773,3666
773,780,3590
774,781,7347
774,784,6909
775,776,1667
775,777,5660
775,778,3169
776,790,6025
777,792,1405
777,794,2898
778,794,3361
778,796,2983
779,1053,695
779,1080,1250
780,6379,2184
781,784,2500
782,783,669
782,787,1719
782,788,4196
784,789,1276
785,786,4405
785,788,1667
785,1080,417
788,1087,1532
789,790,2567
789,791,2303
790,792,1945
791,793,4761
791,1087,3570
792,793,1698
793,795,1047
794,797,1005
794,798,4052
795,1090,5055
797,799,8448
798,800,3479
798,801,5746
799,805,1250
799,1102,702
800,801,4515
800,802,838
802,803,1567
803,807,4092
803,809,9253
804,903,5849
805,806,4017
805,1090,1670
807,808,6917
807,1102,4224
808,810,907
809,921,1765
809,6413,1873
810,811,4214
810,816,6182
811,921,1182
811,932,5715
812,813,4475
812,816,1131
812,1107,297
814,815,3362
814,1103,1560
814,1107,1116
816,932,1289
818,819,1508
818,820,6704
820,821,6960
821,831,3437
822,823,3357
822,839,8606
824,825,6906
824,828,3169
824,840,5868
826,827,6298
826,828,2513
826,829,5421
828,841,4052
829,851,4809
829,855,1520
831,832,9133
831,836,3280
832,837,4703
832,840,4235
833,834,2900
833,835,10001
833,891,4406
835,837,8220
835,838,2810
835,893,6174
837,844,2578
838,845,6393
838,907,2513
839,840,1965
841,842,3010
841,866,4491
842,843,6115
842,846,1257
843,844,3642
843,845,7984
844,845,5661
845,908,3154
846,847,7560
847,911,5585
848,849,1083
849,850,4524
850,852,6199
852,853,5211
852,854,1277
854,856,6338
854,857,6626
855,856,12290
856,858,4944
857,861,8003
857,862,4175
858,869,2786
858,876,5556
859,2024,7712
859,2328,6370
860,863,7585
861,865,5597
861,876,833
862,863,1374
862,865,4021
863,864,4465
865,877,3141
866,867,5517
866,868,1989
868,869,7605
868,870,4271
869,874,9828
870,871,2779
870,872,4567
871,873,2535
871,875,4682
874,876,4018
874,882,4603
875,911,8835
875,966,5344
875,967,1047
877,878,2315
877,886,7750
878,879,7660
878,880,3519
879,2363,4074
879,2364,2941
880,883,2020
880,889,3697
880,2364,5374
881,882,1221
881,887,3612
881,977,6888
882,6471,5720
883,884,1527
883,885,2113
883,886,6475
885,887,6530
885,888,1906
885,889,3707
886,887,4066
888,890,839
888,978,3479
889,2365,4053
889,2367,2364
890,990,7299
890,2367,4750
891,893,9320
892,904,3437
892,905,882
893,894,3169
894,895,3437
894,904,3190
895,912,5344
895,915,3453
896,897,1185
896,904,7880
898,899,1781
898,900,1905
900,902,3898
900,918,3612
901,902,3056
901,906,763
902,903,3571
903,906,4630
906,924,417
908,909,5200
908,910,5040
910,913,4508
911,917,2370
912,913,1667
912,914,4175
913,916,4322
916,917,5849
917,969,24782
919,920,1269
919,927,1129
919,930,4986
921,931,2578
922,923,3340
923,930,933
923,935,2320
924,925,858
925,926,2655
925,927,1229
927,929,478
928,929,2606
928,944,2520
928,945,2513
929,6428,2950
932,1227,3479
933,934,1389
933,935,2578
933,936,3590
935,936,2573
936,941,3931
937,938,503
937,939,2188
937,940,6396
939,942,1622
939,943,3396
941,1227,2232
941,1230,1667
943,953,1289
943,1230,466
944,947,2528
944,948,1268
945,946,833
945,947,4764
947,955,5301
948,949,1355
948,957,7377
949,952,6608
949,959,6587
950,951,4941
950,2381,1950
950,3354,5851
952,1000,2008
952,1001,3400
952,1002,1225
953,954,2736
953,955,3666
953,956,4197
955,957,1389
956,1231,2375
956,1235,6436
957,958,695
958,959,430
958,1243,2932
959,960,430
960,961,1392
960,962,4297
961,963,1698
961,964,2567
962,964,5295
962,1002,1584
963,964,1667
963,1243,3056
963,1246,2371
965,966,1676
966,968,1466
969,977,2310
969,980,1257
970,971,3363
970,972,3355
970,992,1287
971,972,2117
973,974,1257
973,975,2457
973,976,3351
975,981,2044
975,983,2932
976,983,2663
976,995,2558
977,989,2232
979,980,1186
979,986,1182
979,988,3697
981,982,419
981,984,1965
983,984,3010
984,985,1044
986,987,3697
986,988,2516
987,988,1182
987,996,6958
989,990,1111
989,1012,10812
990,991,14879
991,2369,1047
991,2465,833
992,993,1609
993,994,696
994,995,312
994,998,280
995,996,1451
996,997,1110
997,1005,2363
997,1011,1505
998,999,2844
998,1000,1631
999,1003,3479
999,1004,1182
1000,1003,2690
1001,1002,3334
1001,1008,1989
1001,1009,3850
1003,1008,2779
1006,1007,3141
1006,1010,3697
1006,1011,3245
1008,1010,5018
1009,1305,2848
1009,1312,12216
1010,1024,2708
1011,1018,1374
1011,6380,960
1012,1013,5295
1012,1015,3612
1012,1016,2370
1013,1014,2558
1014,1016,3636
1014,1031,4853
1015,1017,3437
1015,1028,3363
1016,1028,4028
1016,1031,4226
1017,1029,3191
1017,2495,2262
1019,1020,1068
1019,1310,5980
1019,1311,1186
1019,1323,6328
1020,6380,2489
1021,1022,1005
1021,1023,3558
1021,1025,3437
1023,1026,2370
1023,1027,833
1024,1025,2690
1024,1309,3697
1025,1026,3400
1026,1309,3057
1029,1030,2262
1029,2509,1047
1031,1311,2943
1032,1033,594
1033,1034,5262
1033,1039,565
1034,1041,5205
1034,1043,5955
1034,1061,6790
1035,1036,638
1036,1037,840
1037,1039,1131
1037,1040,1896
1042,1043,3497
1042,1045,3712
1042,1046,10499
1043,6446,9914
1044,1045,3490
1044,1047,1988
1044,1048,5284
1045,6414,4816
1046,1064,3840
1046,1066,5452
1047,6415,3674
1049,1050,1116
1049,1051,6791
1050,1052,5506
1050,1053,972
1051,1054,7370
1051,1057,348
1052,1056,1405
1052,1057,2087
1053,1056,5241
1054,1055,653
1056,1082,2223
1057,1058,3053
1058,1059,2662
1058,1068,3987
1059,1060,6866
1059,1067,3694
1060,1067,3261
1060,1069,933
1062,1063,2260
1062,1064,1686
1062,1065,2864
1066,1070,7370
1066,1071,2944
1067,1068,4489
1068,1119,5661
1070,1073,2112
1070,1074,3559
1071,1072,10679
1071,6505,4953
1072,1148,4489
1072,1153,12977
1075,1076,1520
1075,1077,3854
1075,1078,5512
1078,1079,8982
1078,1150,3778
1079,1119,4630
1079,1127,5759
1080,1081,5250
1081,6381,1923
1082,1083,2722
1082,1084,1667
1085,1086,1445
1085,1091,4014
1085,1098,2435
1087,1088,840
1088,1089,702
1088,1091,2449
1089,1090,430
1091,1092,2363
1092,1093,6958
1092,1094,4726
1092,1098,3678
1093,1104,4796
1093,1105,1698
1094,1098,5572
1094,1105,4417
1095,1096,1389
1095,1097,4064
1095,1098,4680
1097,1100,7370
1097,1120,3642
1099,1100,6444
1099,1110,1765
1099,1111,3364
1100,1101,3932
1101,1111,5109
1101,1121,3192
1101,1124,3357
1102,1103,1739
1103,1104,2736
1104,1106,3015
1105,1110,3331
1106,1108,5218
1106,1110,5211
1107,1108,3048
1108,1109,2834
1109,1112,1679
1109,1114,2828
1111,1131,9994
1111,1140,5572
1112,1115,2223
1112,1116,8196
1113,1114,3105
1113,1236,1163
1114,6416,2495
1115,1238,5357
1116,1138,2303
1116,1238,2112
1117,1118,5695
1117,1132,4797
1117,1135,2945
1119,1126,3047
1122,1123,2176
1122,1124,4283
1122,1128,1374
1124,1125,5058
1127,1128,2983
1127,1130,3514
1128,1129,10221
1129,1174,2969
1129,1175,3812
1130,1151,2435
1130,1174,3847
1131,1135,1111
1131,1136,6843
1132,1133,1719
1132,1134,2647
1135,1137,2509
1136,1141,3360
1136,1142,1492
1136,1144,3135
1137,1138,3360
1137,1139,6084
1138,1264,1389
1143,1144,3536
1143,1264,7543
1143,1274,5389
1145,1146,9359
1145,1148,6489
1147,1156,9413
1148,1149,6903
1149,1157,3897
1149,1158,4534
1150,1151,14182
1151,1172,1905
1153,1154,10914
1154,1178,4764
1154,1188,4475
1158,1159,3120
1158,1164,3608
1160,3426,1989
1161,1162,3820
1161,1163,2783
1165,1166,1680
1165,1167,2320
1165,1168,6144
1165,1169,3152
1167,1188,6144
1168,1188,2320
1168,1189,837
1169,1192,1945
1169,3441,3939
1170,1171,1865
1170,1192,4535
1170,3439,584
1172,1173,6827
1172,1176,5612
1174,1177,4877
1176,1177,4028
1176,1178,1451
1177,1179,4691
1178,1180,3189
1179,1182,9907
1180,1190,6111
1180,1195,5653
1181,1182,4920
1181,1183,2705
1181,1220,5513
1182,1186,4848
1183,1274,2760
1183,1353,2227
1184,1185,3350
1184,1199,5283
1184,1203,2931
1186,1187,3930
1186,1215,7538
1187,1215,6438
1187,1217,2320
1189,1190,2535
1189,1191,3140
1190,1195,2786
1191,1193,3063
1191,1196,3873
1192,1193,833
1193,1194,1083
1195,1200,2658
1196,1205,1765
1196,1206,2902
1197,6445,5294
1198,1199,278
1200,1201,1690
1200,6382,1904
1201,1202,2111
1202,1203,3570
1203,1216,7332
1205,1210,5283
1205,1211,2094
1207,1208,1680
1207,1209,1405
1209,1211,3937
1210,1212,5938
1210,1213,882
1211,3440,1675
1211,3484,5278
1213,1214,5344
1213,3484,1492
1214,1221,2722
1214,1222,3494
1215,1216,2843
1216,1218,7574
1218,1223,2736
1218,1401,4567
1219,1226,6337
1219,3511,1374
1221,3489,5654
1221,3491,2573
1222,3502,5451
1222,3504,3331
1223,1224,4465
1223,1225,3779
1223,1402,6240
1225,1226,3760
1225,1411,2786
1225,1412,3769
1226,3512,3362
1227,1228,5214
1228,1229,7660
1228,1236,2200
1229,1237,2778
1229,1265,5661
1230,1231,4214
1231,1234,1760
1231,1235,5510
1232,1233,1489
1232,3965,1601
1232,3966,3060
1233,1497,2795
1233,3964,2160
1233,6434,1397
1235,1240,1921
1236,1237,6305
1237,1239,5235
1239,1264,1389
1239,1265,2535
1240,1241,2385
1241,1242,2711
1241,1269,5508
1242,1267,2648
1242,1281,8154
1243,1244,1698
1244,1245,1680
1245,1246,2310
1245,1248,1494
1246,1247,15521
1246,1249,2750
1249,1250,5849
1249,1259,3514
1251,1252,2304
1251,1254,1111
1251,1255,5927
1252,1253,6720
1253,1255,2648
1253,1260,1840
1255,1282,3453
1256,1257,2535
1256,1258,4096
1256,1259,1277
1259,1260,839
1260,1261,3251
1261,1262,770
1261,1263,1006
1265,1266,5426
1265,1270,2166
1266,1270,5894
1266,1277,2044
1267,1268,6060
1267,1269,2061
1268,1284,2129
1269,1277,2450
1270,1271,2528
1271,1272,1675
1271,1273,7782
1272,1275,2513
1272,1276,7734
1273,1276,3362
1273,1277,2945
1274,1355,2778
1275,1354,2209
1276,1356,2513
1277,1278,1956
1278,1279,2500
1278,1280,11311
1279,1286,2902
1279,1288,4627
1280,1287,2500
1280,1359,1667
1281,1282,1968
1282,1283,1968
1283,1284,1044
1284,1285,1885
1285,1290,3142
1285,1325,3489
1286,1289,3362
1286,1290,3010
1287,1288,6684
1287,1371,3056
1290,1291,628
1291,1292,4156
1291,1293,1527
1293,1294,1005
1294,1295,3636
1294,1300,2254
1295,1296,1721
1295,1301,1719
1295,1302,2113
1297,1298,8611
1297,1306,1138
1298,1299,6329
1299,1308,3220
1299,1331,12643
1300,1302,3085
1300,1375,2371
1302,1376,2223
1303,1304,2647
1304,1446,3604
1304,1452,5478
1304,1455,3591
1306,1307,3367
1307,1308,7064
1307,1329,3277
1309,1310,3201
1310,1315,1678
1312,1317,9026
1312,1318,1740
1315,1316,2783
1315,1319,2362
1316,1320,5195
1316,1321,2117
1317,1331,1278
1317,1336,2262
1318,1319,2570
1318,1320,3262
1318,1336,8193
1319,1322,4417
1320,1335,2117
1320,1341,6501
1321,1324,2061
1321,1326,2553
1321,1335,5195
1323,1327,2941
1323,2935,1131
1326,1327,2457
1326,1337,4928
1327,1328,2663
1327,1338,4813
1328,1339,4215
1328,2937,1965
1328,2981,3304
1329,1330,2408
1331,1334,1829
1332,1333,1131
1332,1378,3957
1332,1380,5097
1334,6431,3500
1334,6432,2305
1335,1337,2117
1335,1345,5764
1336,1341,2810
1337,1338,3304
1337,1350,4889
1338,1339,2375
1339,1340,3400
1340,2981,5390
1340,2990,3854
1341,1345,2509
1341,1346,2370
1342,1343,883
1343,1344,3494
1343,1458,5306
1344,1346,1287
1344,1459,1630
1345,1350,2223
1346,1347,5018
1347,1350,2529
1347,1351,1338
1348,1349,4446
1348,1351,2264
1348,1462,6369
1351,1352,11114
1352,2990,1374
1352,2992,6217
1354,1355,2369
1354,1356,5619
1355,1358,4567
1355,1360,3396
1356,1357,2574
1357,1358,2223
1357,1359,594
1358,1363,2945
1359,1367,6230
1360,1361,5079
1360,1362,1131
1363,1364,2736
1364,1365,4352
1364,1366,1287
1366,1367,4028
1366,1369,838
1367,1368,6112
1368,1388,3636
1368,1389,3571
1369,1370,5097
1369,1403,5006
1370,1407,2680
1370,1408,3055
1371,1372,4406
1371,1373,2778
1373,1374,1111
1374,1375,2677
1374,1382,1111
1375,1377,1369
1376,1378,1405
1376,1379,1698
1377,1381,2806
1378,1380,2690
1380,1387,3056
1381,1383,1667
1381,1385,1680
1382,1383,2500
1382,1384,3351
1383,1394,3383
1384,1390,1389
1384,1391,2094
1385,1386,5557
1385,1387,3085
1386,1398,556
1386,1400,1389
1387,1443,5802
1388,1391,1131
1388,1392,2370
1389,1408,6112
1389,1425,1277
1391,1393,2232
1392,1396,3912
1392,1397,2779
1393,1394,1860
1393,1395,1111
1395,1396,2304
1395,1398,3085
1396,1428,2723
1397,1426,1568
1397,1428,3360
1398,1399,5057
1399,1430,1989
1399,1433,2113
1400,1430,4641
1400,1451,1866
1401,1402,3177
1401,1403,4750
1402,1405,3763
1403,1406,3694
1404,1405,478
1404,1409,2509
1404,1410,9008
1406,1407,1534
1406,1417,2166
1407,6427,1751
1409,1418,1131
1409,1419,2303
1410,3583,1451
1410,3589,2044
1410,3591,1570
1411,1413,2578
1411,1414,6491
1412,3512,3940
1412,3517,2320
1413,1415,933
1413,1416,6282
1414,1416,2637
1414,3517,2509
1414,3519,5914
1416,3582,1389
1419,1420,1680
1419,1421,2722
1421,3584,2223
1421,3589,3571
1422,1423,1188
1422,1424,5619
1422,1434,11982
1426,1427,5691
1426,1431,1185
1428,1429,2320
1429,1431,4764
1429,1432,503
1430,1451,5557
1430,1479,2220
1431,1434,2528
1434,1435,1568
1435,1436,1185
1435,1437,7643
1436,1438,2843
1436,1439,8081
1438,1440,6958
1438,1441,3437
1439,1440,2574
1439,1493,838
1440,1495,2739
1441,1495,5894
1441,3604,7197
1442,1443,483
1442,1444,1451
1442,1449,5854
1443,3984,3235
1444,1445,6671
1444,1446,3657
1445,1447,1131
1445,1456,7127
1446,1450,5597
1446,1454,3169
1447,1448,5109
1448,1459,6297
1448,1460,2810
1449,1450,1338
1449,1451,1740
1450,1452,2529
1452,1453,4619
1453,1480,3937
1453,1486,1945
1456,1457,2778
1456,1498,9220
1457,1467,2232
1457,1500,8814
1460,1461,3085
1460,1465,1492
1461,1462,1131
1462,1463,1719
1462,1472,2020
1463,1473,1186
1463,1474,11715
1464,1465,1945
1464,1468,3572
1465,1466,933
1466,1469,2941
1467,1468,1680
1467,1507,6754
1468,1469,1989
1469,1470,1989
1470,1471,1687
1470,1508,4535
1471,1472,1568
1471,1475,2310
1473,1475,2858
1473,1476,2529
1474,2992,1659
1474,3137,1044
1475,1476,2262
1476,1477,2321
1477,1478,1906
1477,1509,5939
1478,1510,5166
1478,1518,2737
1479,1480,3230
1479,1482,1965
1480,1481,1871
1481,1482,3563
1481,1485,4489
1482,1483,2044
1483,1484,1257
1484,1491,2509
1484,1492,4314
1485,1487,2827
1485,1488,9255
1488,1496,4445
1488,1502,3263
1488,1503,1698
1489,1490,696
1489,1491,4797
1492,1494,933
1492,1496,4681
1495,3649,2902
1496,3649,4028
1496,3650,1527
1497,2371,192
1497,3946,1902
1498,1499,2232
1498,1502,3571
1499,1500,687
1499,1501,5016
1499,1502,4181
1500,1512,2786
1501,1505,2375
1501,1522,1969
1501,1528,2848
1502,1504,2650
1503,3654,1374
1503,3659,2375
1504,1505,859
1504,3659,933
1505,1506,3927
1507,1508,3932
1507,1511,3392
1507,1512,2254
1508,1509,3563
1509,1510,1508
1509,1511,2364
1510,1519,1885
1511,1514,1084
1512,1513,2232
1513,1515,1945
1513,1524,2321
1515,1516,1374
1515,1517,1945
1517,1519,1568
1517,1520,5018
1517,1525,2306
1518,1519,5156
1518,1521,6749
1520,1532,2856
1520,1533,3772
1521,3147,6800
1521,3181,7686
1521,3182,3982
1522,1523,2115
1522,1526,1989
1522,1527,3453
1524,1525,4167
1524,1526,1678
1525,1530,1699
1526,1529,933
1527,1528,1719
1527,3678,833
1528,3665,2945
1529,1530,3636
1529,1531,2304
1530,1533,4727
1532,3182,4371
1533,1536,419
1534,1535,2778
1534,1536,1492
1534,3684,1676
1536,1537,2786
1538,1539,1116
1538,2980,933
1538,3004,1818
1538,3005,2481
1539,2966,870
1539,2975,2371
1539,2978,3251
1540,1542,13651
1540,1543,3604
1541,1542,3437
1541,1563,1405
1541,5235,7301
1542,5234,8708
1543,1544,4188
1543,1545,5506
1545,1546,3352
1545,1553,3849
1547,1548,3823
1547,1553,6129
1547,1555,5070
1549,1552,11421
1550,1551,8133
1550,1558,1287
1550,1559,3186
1552,1554,2305
1552,1556,1781
1553,1556,933
1553,1557,1084
1555,1563,8190
1555,1569,4587
1556,1557,839
1557,1558,1781
1558,1586,24726
1586,1587,5135
1586,1589,8242
1592,1593,1277
1592,1594,1678
1592,1595,2535
1595,1596,5453
1596,1604,1302
1599,1600,1257
1599,1602,1392
1599,1603,6143
1600,1601,14759
1600,1602,1188
1601,1626,4523
1601,1635,5099
1602,1608,7197
1603,1620,5899
1603,1621,7537
1604,1605,2702
1604,1613,6690
1605,1606,6724
1605,1607,10480
1606,1608,3334
1606,1609,4524
1608,1617,6263
1609,1610,3824
1609,1611,2529
1610,1616,5354
1613,1614,4449
1613,1615,4472
1617,1618,3760
1618,1619,2092
1618,1622,2095
1621,1635,1687
1621,1637,8352
1623,1625,4415
1625,1627,687
1625,1628,7235
1626,1627,1840
1626,1629,3912
1629,1630,5040
1629,1638,5034
1630,1633,3979
1630,1657,5531
1635,1636,2723
1637,1642,3830
1637,1644,503
1638,1639,3213
1638,1640,3889
1642,1643,3231
1642,1646,3940
1644,1645,2189
1676,2153,1467
1872,1873,2793
1872,1883,2028
1872,1903,3747
1874,1875,15721
1874,1959,7725
1874,1965,7284
1875,1896,9890
1875,1900,2578
1876,1877,1371
1877,1908,1389
1877,1915,1945
1877,1917,2305
1878,1879,5024
1880,1881,12140
1880,1882,5245
1881,1883,5227
1881,1895,7064
1883,1884,2949
1886,1887,3531
1886,1889,5344
1887,1888,6313
1887,1891,2044
1889,1890,3397
1889,1892,8423
1892,1984,3519
1892,1985,2848
1893,1894,4283
1893,1895,4835
1895,1896,6996
1896,1897,9225
1897,1898,6093
1897,1899,3830
1897,1900,2529
1900,2001,5694
1903,1904,3295
1903,1905,1645
1904,1906,3063
1904,1907,1676
1905,1907,3381
1906,1911,933
1907,1908,1405
1907,1910,3227
1908,1909,1906
1911,1912,1451
1912,1913,1451
1913,1914,6720
1913,1916,1906
1914,1919,2322
1914,1929,1405
1915,1916,1680
1916,1918,2289
1916,1920,1810
1918,1919,4950
1919,1944,3085
1921,1922,2457
1921,1923,6070
1921,1960,2372
1923,1944,1339
1923,1964,2844
1928,1929,3520
1929,1943,2535
1930,1931,1989
1931,1934,503
1931,1935,442
1935,1936,2663
1935,1939,1674
1936,1941,594
1936,1942,1569
1937,1938,1188
1937,1939,419
1937,1948,1279
1938,1943,3824
1938,1945,4284
1939,1940,3245
1940,1950,2209
1940,1952,2372
1943,1945,1048
1944,1945,1568
1946,1947,2915
1946,1962,1044
1947,1960,4523
1948,1949,6525
1948,1970,4525
1949,1954,5326
1949,1955,1044
1950,1951,594
1950,1957,2084
1951,1953,1375
1951,1954,2799
1954,2162,3438
1955,1956,3358
1955,1972,10190
1960,1961,1186
1961,1962,1044
1961,1963,1527
1963,1964,5916
1963,1965,503
1964,1970,2844
1965,1971,5426
1966,1967,734
1966,1974,30
1967,1975,1673
1967,1976,1866
1968,1969,4028
1968,1976,1781
1968,1977,1182
1970,1971,1623
1971,1972,1787
1971,1973,1355
1972,6455,2481
1973,1974,271
1975,1979,1031
1975,2049,8124
1976,1978,1678
1979,1980,3889
1979,2051,9632
1979,2071,1324
1980,1981,2575
1980,2073,2509
1982,1983,5696
1982,1986,594
1984,1989,2316
1984,2001,4028
1986,1987,1466
1986,1988,2223
1987,1988,2663
1987,1991,6606
1988,1989,1956
1989,1992,5531
1992,1993,687
1993,1997,1257
1994,1995,672
1994,1996,3299
1994,2020,771
1996,1997,1466
1996,1998,2342
1996,2000,1699
1997,1998,1451
1998,1999,7606
1999,2005,1969
1999,2008,5018
2000,2021,5867
2000,2022,463
2001,2002,2709
2003,2004,4383
2003,2007,1389
2003,2012,5938
2005,2006,4878
2005,2007,5018
2007,2009,1699
2008,2010,1405
2008,2033,6801
2009,2010,556
2009,2011,6115
2010,2040,7463
2011,2014,838
2011,2059,1188
2013,2014,2553
2013,2015,4172
2014,2015,2209
2015,2066,2899
2017,2018,4175
2019,2022,2069
2019,2027,4434
2022,2023,4960
2024,2025,4450
2024,2029,6720
2026,2027,6835
2026,2033,4787
2026,2036,2450
2027,2028,1956
2027,2029,5060
2029,2032,7648
2029,2329,3811
2030,2031,4567
2030,2032,2095
2030,2036,2013
2030,2043,3825
2032,2047,11114
2033,2034,2189
2034,2035,2220
2034,2040,3940
2036,2037,3047
2036,2042,833
2038,2039,3352
2038,2040,2509
2038,2041,1552
2044,2045,4125
2044,2097,2037
2044,2098,4075
2045,2046,2786
2045,2047,1969
2047,2048,7352
2048,2348,2177
2048,2350,3940
2050,2051,3862
2050,2057,2168
2050,2058,6421
2051,2052,3169
2051,2053,5694
2053,2054,1989
2053,2055,1966
2053,2056,1188
2055,2065,1766
2055,2068,2262
2057,2065,5295
2057,2069,6421
2058,2069,2168
2059,2060,1699
2059,2061,3338
2061,2062,1680
2061,2064,4094
2062,2063,3854
2062,2065,4764
2064,2067,2677
2064,2070,6016
2064,2094,3830
2067,2099,5384
2067,2101,2375
2069,2080,1956
2070,2101,2436
2070,2103,4727
2071,2072,3169
2071,2080,2218
2073,2074,1781
2073,2075,4069
2073,2081,2981
2074,2076,2986
2074,2077,3393
2075,2164,1149
2076,2078,1084
2077,2170,2310
2077,2171,2530
2078,2079,1131
2078,2171,3480
2080,2081,3340
2080,2082,2136
2081,2083,1131
2081,2087,1255
2082,2123,3486
2082,2126,746
2083,2084,1131
2083,2086,2451
2084,2085,5849
2084,2086,3179
2085,2091,3246
2085,2233,2342
2085,2239,2202
2086,2088,2371
2087,2129,2765
2088,2089,1405
2088,2132,3993
2089,2090,1680
2090,2091,4028
2090,2092,2116
2091,2093,2782
2092,2093,3085
2092,2133,1288
2093,2134,2515
2094,2095,2081
2094,2096,3192
2098,2099,3387
2098,2110,1277
2099,2100,1866
2101,2102,2022
2102,2103,5941
2102,2104,2709
2102,2106,2342
2103,2123,2578
2104,2105,1339
2104,2111,1873
2106,2107,1186
2106,2112,4653
2107,2108,2020
2107,2109,1006
2109,2114,1781
2109,2115,1006
2111,2112,2011
2112,2113,2255
2113,2118,1044
2113,2392,7276
2115,2116,2342
2115,2117,3864
2116,2121,687
2116,2140,1874
2119,2120,1392
2119,2121,1678
2119,2394,4236
2121,2122,1525
2123,2124,2988
2124,2125,1781
2124,2128,2118
2125,2126,1907
2125,2141,3353
2126,2127,1451
2129,2130,550
2129,2132,3049
2130,2131,201
2131,2139,1529
2134,2135,1966
2134,2136,3169
2135,2137,5381
2135,2138,839
2136,2240,8440
2136,2267,7272
2138,2150,4815
2138,2268,9529
2139,2144,1498
2140,2141,2711
2140,2142,1392
2140,2397,3436
2141,2142,1171
2142,2143,1277
2142,2397,1700
2143,2144,201
2143,2145,3231
2143,2418,398
2145,2146,1840
2145,2416,3855
2146,2147,2509
2147,2148,2232
2147,2149,4854
2149,2422,2559
2149,2423,2118
2150,2151,2371
2150,2152,2232
2151,2424,3246
2152,2276,1339
2152,2277,833
2153,2154,5568
2153,2155,2189
2154,2156,833
2154,2157,1084
2156,2157,1186
2156,2158,1945
2157,2159,1048
2158,2159,1305
2158,2160,1980
2158,2161,8067
2159,2162,1406
2162,2163,2025
2163,2164,1177
2165,2166,5658
2165,2174,3120
2165,2176,1680
2167,2168,1766
2167,2169,2262
2167,2170,3732
2170,2172,2310
2172,2173,5698
2172,2174,1389
2174,2175,6931
2175,2233,1687
2175,2235,3438
2176,2177,859
2176,2241,10120
2177,2178,8192
2177,2179,2232
2179,2180,5665
2179,2181,556
2179,6373,4305
2181,2182,833
2181,2237,6504
2182,2183,1111
2183,2184,1678
2183,2185,2575
2185,2186,556
2185,2187,1699
2186,2188,4574
2186,2189,4465
2187,2236,2649
2211,2253,5099
2233,2234,2118
2236,2238,3659
2236,2252,7657
2238,2245,2453
2238,2252,5382
2240,2243,1968
2240,2267,3455
2241,2242,3958
2241,2243,2780
2243,2247,3760
2244,2245,2515
2244,2248,2902
2244,2273,5665
2245,2246,3305
2248,2261,2969
2248,2275,6084
2252,2260,1188
2253,2254,1719
2253,2256,3912
2254,2260,3560
2256,2257,1956
2256,2264,3158
2260,2262,3533
2261,2262,1966
2261,2280,3982
2262,2263,1719
2264,2265,6294
2264,2283,5806
2265,2285,2778
2265,2288,4183
2267,2268,1288
2268,2269,1781
2268,2278,11797
2269,2270,1188
2269,2278,11800
2270,2271,2509
2270,2272,10778
2271,2273,2232
2272,2691,5560
2272,2692,3636
2273,2274,1257
2274,2275,2778
2274,2693,9325
2275,2279,3085
2276,2277,1048
2278,2691,3353
2279,2280,1467
2279,2282,4336
2280,2281,3340
2281,2283,5029
2281,2284,2232
2282,2295,4681
2282,2296,3938
2282,2297,1288
2283,2284,4436
2284,2287,883
2284,2288,833
2287,2288,1006
2287,2289,4465
2287,2296,2692
2288,2290,4167
2290,2293,1131
2296,2301,4764
2297,2298,1382
2297,2299,1048
2298,6386,2284
2299,2300,1111
2299,2696,1288
2325,2326,2863
2325,4696,9657
2325,4797,9108
2328,2332,7742
2328,2333,5673
2329,2330,2209
2329,2334,6747
2330,2331,3494
2330,2336,4335
2331,2342,5040
2331,2343,2304
2333,2334,2648
2333,2339,806
2334,2335,3357
2335,2336,2872
2335,2337,8615
2336,2337,7719
2337,2352,1680
2338,2339,278
2338,2340,2529
2338,2341,14293
2340,2366,8004
2341,2357,300
2341,2370,5316
2342,2344,3982
2342,2345,3990
2345,2349,5040
2345,2351,3563
2345,2353,2167
2346,2347,1493
2346,2348,2848
2346,2349,4123
2348,2358,5994
2348,2361,5447
2349,2354,2113
2350,2390,3354
2350,2393,4190
2352,2353,1493
2352,2355,838
2353,2354,5316
2354,2358,2232
2355,2356,7272
2355,2357,2005
2356,2358,2371
2356,2359,2262
2356,2372,2371
2358,2360,1989
2359,2360,2321
2359,2376,2113
2360,2361,696
2361,2362,3063
2362,2401,838
2362,2403,1676
2364,2365,4929
2365,2366,4492
2366,2369,5924
2367,2368,5267
2368,2369,2384
2368,2464,7324
2369,2465,1339
2370,2372,1405
2371,3965,2038
2372,2375,1680
2373,2374,124
2373,2384,8049
2375,2376,833
2375,2377,629
2376,2378,3940
2377,2379,1906
2378,2403,3990
2378,2443,2223
2379,2380,8100
2379,2385,2167
2380,2386,1057
2380,2445,503
2381,3348,6305
2381,4096,313
2382,2383,1525
2382,2384,1840
2382,2385,7847
2384,2466,12061
2385,2386,8376
2385,2387,2514
2386,2388,1265
2387,2388,8100
2387,2389,1287
2388,2448,3191
2390,2391,3390
2390,2392,771
2392,6497,3318
2393,2400,2778
2393,2402,3981
2395,2396,1527
2395,2397,1258
2395,2398,348
2396,2399,1680
2396,2407,4195
2397,2415,1719
2398,2404,13602
2398,2406,3645
2399,2410,675
2399,2418,1773
2399,2419,1781
2402,2403,2232
2402,2404,2220
2402,2443,3781
2404,2405,1389
2405,2406,2677
2405,2444,2309
2407,2408,3212
2407,2409,1405
2410,6371,852
2411,2412,2044
2411,2420,2637
2411,2421,1508
2411,2428,3546
2413,2414,4521
2414,2428,1781
2416,2417,5838
2416,2426,5007
2417,2419,1766
2419,2420,2514
2420,2429,7226
2423,2424,2514
2423,2426,2371
2424,2425,4023
2426,2427,2514
2426,2429,2457
2427,2438,2873
2427,2439,5156
2428,2430,7318
2428,2431,3058
2429,2430,1288
2430,2435,1288
2431,2432,1131
2431,2434,8390
2432,2433,3546
2432,2446,6143
2433,2440,7623
2433,2454,3179
2434,2435,687
2434,2436,556
2435,2436,687
2436,2437,3889
2436,2440,2724
2437,2438,1451
2438,2442,1389
2439,2690,1840
2439,2691,4235
2440,2441,2530
2441,2454,6143
2441,2455,2849
2442,2700,5295
2442,2704,5298
2443,2444,1989
2444,2445,784
2444,2446,9175
2446,2447,1425
2446,6372,3157
2447,2451,670
2448,2449,4521
2448,2557,953
2449,2450,8800
2449,2562,556
2451,2452,275
2452,2453,2433
2453,2564,1111
2453,2567,1719
2453,2568,2039
2454,2455,6126
2455,2456,3618
2457,2458,3558
2458,2743,3876
2459,2460,5350
2459,2462,4764
2459,2569,2310
2459,2575,5029
2460,2461,4053
2460,2462,1886
2461,2463,2969
2462,2598,3155
2465,2466,2509
2466,2468,4095
2467,2468,2111
2467,2471,3618
2467,2478,1966
2469,2470,5418
2469,2471,2223
2469,2479,1527
2471,2472,3609
2473,2474,1568
2473,2475,5070
2473,2480,1676
2475,2476,1287
2475,2477,2113
2477,2487,1667
2477,2489,2529
2477,2490,1680
2478,2482,2810
2478,2483,3658
2479,2480,4489
2479,2481,3854
2480,2485,1667
2480,2486,3364
2481,2486,2232
2481,2492,419
2482,2484,3142
2483,2484,1945
2483,2505,1906
2484,2523,1058
2485,2487,1989
2485,2491,2529
2486,2491,1866
2487,2488,2946
2490,2529,4227
2490,2558,1131
2492,2493,1339
2492,2525,3049
2493,2528,1048
2493,2530,5554
2494,2497,2946
2495,2496,2232
2495,2510,4021
2496,2497,833
2496,2511,3992
2497,2498,2509
2498,2499,1989
2499,2503,2509
2499,2514,4644
2500,2501,3120
2500,2504,1047
2500,2505,5849
2500,2506,2321
2502,2503,3676
2502,2507,2450
2503,2506,2321
2503,2517,2577
2505,2508,2321
2505,2524,3222
2506,2508,5849
2506,6425,3285
2507,2508,2306
2507,2518,2985
2512,2513,3120
2512,2514,2578
2512,2515,1965
2514,2519,2232
2515,2516,4764
2515,2920,2113
2516,2519,1766
2516,2921,2321
2517,2518,7272
2517,2519,2113
2518,2545,1287
2519,2520,3666
2520,2521,1680
2520,2923,4019
2521,2522,2509
2521,2925,3990
2522,2545,1047
2522,2547,1466
2523,2524,2002
2523,2525,2275
2526,2527,393
2526,2656,9526
2526,3231,1949
2528,2531,1687
2528,2532,2436
2529,2530,3182
2529,2578,1405
2531,2533,629
2531,2534,8952
2533,2535,1970
2533,2536,1768
2534,2625,3063
2534,2626,2116
2536,2537,2220
2536,2540,4871
2536,2542,1416
2537,2538,3352
2537,2548,3932
2538,2548,1680
2538,2551,2778
2539,2540,424
2541,2542,1836
2541,2551,1699
2541,2552,5838
2542,6499,3470
2543,2544,1667
2543,2552,2305
2543,2631,2348
2545,2546,4741
2546,2548,2044
2547,2556,9455
2547,2952,1257
2549,2550,4723
2549,2551,2062
2549,2554,839
2551,2553,6724
2552,2643,3063
2552,2645,1665
2553,2644,314
2553,3027,843
2554,2555,7008
2554,2556,883
2555,2959,4828
2555,2961,983
2555,2962,4945
2555,2963,1568
2556,2955,2749
2557,2560,5037
2557,2561,1265
2558,2559,2946
2558,2577,556
2560,2562,2114
2560,2565,1405
2560,2572,2514
2561,2577,2232
2561,2579,1989
2561,2580,1906
2562,2563,1667
2563,2564,2637
2563,2565,1886
2564,2566,5268
2565,2573,2575
2566,2568,1405
2566,2587,1956
2566,2589,883
2567,2569,1188
2567,2570,5268
2568,2570,1405
2568,2574,2703
2569,2571,4610
2570,2571,594
2570,2576,2530
2571,2575,2232
2572,2573,1956
2572,2581,348
2573,2587,594
2574,2635,1346
2575,2595,2232
2576,2591,3192
2577,2578,4199
2578,2583,2500
2579,2581,2498
2579,2582,3403
2580,2583,314
2580,2584,1713
2581,2586,2321
2583,2585,746
2584,6388,2762
2585,2592,6717
2585,2625,734
2587,2588,3573
2588,2590,2262
2588,2592,2095
2588,6388,2518
2589,2590,2530
2590,2593,2371
2591,2594,1495
2591,2604,2345
2592,2593,2786
2593,2629,2097
2594,2636,2947
2595,2596,2663
2595,2597,3155
2596,2598,838
2596,2600,3340
2596,2601,4540
2597,2605,548
2598,2599,2902
2599,2600,1966
2600,2602,3120
2601,2610,911
2601,2614,2880
2602,2603,6262
2604,2605,3514
2604,2617,4364
2605,2606,905
2606,2607,803
2606,2609,1341
2607,2608,1408
2608,2609,800
2608,2615,1813
2609,2612,1202
2609,2616,1779
2610,2611,1289
2610,2613,1676
2611,2612,1643
2612,2613,1289
2612,2619,1812
2613,2621,1645
2614,2622,7606
2615,2616,756
2615,2618,2045
2616,2619,1201
2616,2620,2045
2617,2636,1969
2617,2661,721
2618,2620,756
2618,2659,1929
2619,2621,1300
2619,2623,1945
2620,2623,1252
2620,2660,1743
2621,2666,1757
2623,2663,1245
2623,2664,570
2624,2662,7734
2625,2627,210
2627,2628,746
2627,2629,9480
2628,2630,883
2628,2632,2935
2628,2633,5684
2629,2634,2095
2630,2631,2141
2630,2643,1529
2632,2639,2358
2633,2637,2230
2633,2643,2799
2633,2646,2738
2634,2635,833
2634,2640,1781
2635,2636,2232
2635,2651,1102
2636,2657,4851
2637,2638,4190
2637,2649,1680
2639,2640,2223
2639,2641,4618
2640,2642,4409
2641,2648,1405
2641,2649,1131
2642,2648,833
2642,2650,859
2643,2644,2099
2644,2645,1789
2644,2646,4465
2645,6468,1208
2646,2647,1676
2647,3027,5278
2647,3028,1906
2647,3030,3887
2648,3030,5929
2649,3030,4827
2650,2651,904
2650,2652,1232
2650,2658,867
2652,2653,448
2652,3046,11586
2653,2654,1186
2653,2655,1111
2655,2657,1389
2657,2671,594
2658,3043,2970
2659,2660,594
2659,2661,859
2660,2662,4172
2661,2668,1699
2662,2665,1886
2662,2667,2114
2665,2666,1614
2667,2668,5560
2667,2670,1699
2668,2669,2095
2669,2670,5868
2669,2671,1131
2670,2672,838
2672,2673,1084
2673,2677,6403
2673,2678,1699
2674,2675,6421
2674,2676,2530
2675,2678,1493
2675,2684,3334
2675,2686,2947
2676,2686,6393
2676,3075,3169
2677,2679,1405
2679,2680,4200
2679,2681,5040
2680,2682,2223
2680,2689,3353
2681,2860,833
2681,2865,2530
2682,2683,2322
2682,2684,1989
2682,2688,2947
2684,2685,1467
2684,2687,2934
2686,2687,3056
2686,3077,2530
2687,2688,2262
2688,2689,1989
2689,2873,3612
2691,2699,2305
2692,2693,1131
2693,2694,594
2693,2695,1288
2694,2695,1084
2694,2696,7332
2695,2697,1288
2696,2710,1131
2697,2698,2530
2698,2706,2711
2698,2708,6293
2699,2700,2849
2700,2701,2578
2701,2702,833
2701,2744,2947
2702,2703,2096
2702,2705,3231
2704,2742,5849
2704,2743,2189
2705,2707,3142
2706,2711,4285
2706,2712,2994
2707,2708,1111
2707,2747,3156
2708,2709,9360
2709,2728,4274
2709,2752,2786
2713,2714,1493
2713,2715,1677
2713,2716,2223
2715,2717,2232
2715,2718,2371
2716,2717,1467
2716,2722,2118
2717,2724,4445
2717,2725,1907
2718,2725,2044
2718,2728,2709
2719,2722,1907
2722,2723,1131
2725,2729,2114
2725,2730,4172
2728,2729,4188
2729,2734,3940
2731,2738,2322
2734,2737,1467
2735,2736,1886
2735,2753,859
2735,2755,2044
2737,2740,278
2738,2739,4445
2738,2740,1527
2740,2741,3979
2742,2744,1467
2742,2746,1878
2743,2746,4786
2744,2745,2232
2747,2748,13499
2747,2749,3192
2748,2750,3138
2748,2753,3533
2748,2758,3912
2749,2750,12918
2750,2760,1182
2751,2843,2310
2751,2845,2372
2752,2753,1131
2752,2754,2114
2755,2756,1111
2756,2757,4492
2756,2758,3138
2757,2769,6204
2757,2797,1131
2758,2759,1525
2760,2761,2848
2760,2762,2849
2761,2764,3085
2761,2765,2849
2762,2763,5005
2762,2843,5151
2764,2766,1680
2764,2767,3353
2766,2768,3437
2767,2770,4513
2767,2846,1192
2768,2773,3535
2768,6391,3821
2770,2773,2637
2770,2847,3938
2771,2772,3248
2771,2797,1622
2771,2798,1131
2772,6391,2190
2773,2898,1966
2780,2781,2223
2780,2797,5306
2781,2782,3889
2781,2798,6312
2798,2801,2915
2815,2816,3293
2815,2896,2364
2815,2901,1525
2815,2905,5393
2841,2842,2739
2841,2861,1131
2841,2862,1248
2843,2844,3085
2844,2846,4386
2844,2847,4538
2847,2848,1186
2848,2853,988
2849,2850,3144
2849,2862,2370
2849,2887,2786
2851,2852,5274
2851,2887,5222
2852,2855,503
2852,2857,2062
2853,2854,1956
2853,2855,1288
2855,2856,6016
2856,2904,594
2856,2914,4237
2858,2859,4723
2858,2860,4401
2859,2861,4764
2859,2863,2530
2860,2867,3940
2861,2864,2947
2862,2880,7578
2863,2864,4727
2863,2867,1375
2864,2877,1677
2865,2866,4741
2865,2869,2305
2866,2868,2096
2866,2878,5345
2866,2879,1676
2867,2868,687
2868,2877,5018
2869,2870,2509
2869,2871,3192
2869,2872,1501
2870,2875,2262
2870,2876,3192
2871,2873,1956
2871,2876,2509
2873,2874,2667
2875,2879,419
2875,2884,1699
2876,2886,1945
2877,2878,1699
2878,2883,2096
2879,2883,5295
2880,2881,10385
2880,2882,4912
2881,2888,3744
2881,6366,2448
2882,3284,1389
2882,3285,696
2882,3286,503
2883,2885,1906
2884,2885,5316
2884,2886,1886
2885,3284,1886
2886,3284,5316
2887,2888,4149
2888,2889,5616
2889,2890,3666
2889,2891,4068
2892,2893,1467
2892,3285,3120
2892,3290,2902
2894,2895,3375
2894,3294,3898
2894,3296,10141
2896,2897,4276
2896,2904,1874
2898,2904,1966
2901,2902,6066
2902,2905,2535
2902,2916,3559
2905,2914,2711
2905,2916,2849
2914,2915,2372
2915,2916,2262
2920,2921,4797
2920,2922,883
2921,2923,3940
2921,2928,3397
2923,2924,1131
2924,2925,833
2924,2926,2514
2925,2927,3120
2926,2929,3979
2926,2930,1005
2927,2929,2723
2927,2952,1699
2927,2954,2262
2928,2934,2574
2929,2956,883
2931,2932,1186
2932,2933,2786
2932,2940,2211
2933,2934,3056
2933,2941,3454
2934,2943,2011
2934,2944,1339
2935,2936,1250
2935,2937,1965
2936,2941,1405
2937,2939,5339
2938,2939,4879
2938,2942,3191
2938,2983,4066
2938,2984,2578
2939,2982,3522
2941,2942,2371
2942,2946,2321
2942,2949,1389
2944,2945,3193
2944,2946,503
2946,2947,2786
2947,2948,2686
2947,2950,1186
2949,2951,2810
2951,2967,344
2951,2969,2780
2952,2953,2509
2953,2954,1047
2954,2955,5849
2955,2957,3436
2956,2957,9254
2956,2964,3990
2957,2958,2933
2957,2959,833
2959,2960,1005
2960,2973,2371
2961,3027,1006
2961,3029,4525
2962,3037,1906
2962,3038,1667
2963,2974,1048
2964,2967,838
2965,2966,3862
2966,2968,1880
2966,2978,4227
2967,2968,1116
2968,2970,1966
2969,2986,883
2969,3000,1956
2971,2972,3350
2971,3370,3626
2971,4095,1189
2972,4089,5804
2972,4091,5849
2972,4093,2146
2973,2974,4445
2973,2975,3049
2974,2976,3889
2974,3006,1257
2975,2977,503
2976,3008,3781
2976,3036,2529
2976,3054,3612
2977,2979,3169
2977,2980,1766
2978,3001,1945
2978,3009,2535
2978,3010,2677
2978,3011,2738
2981,2982,2899
2982,2983,4418
2982,2990,6779
2983,2987,5849
2983,2993,2779
2984,2985,2321
2984,2986,6697
2986,2988,1699
2987,2988,4489
2987,2989,4335
2988,3001,4188
2988,3003,2780
2989,2995,3824
2989,2998,1873
2989,3017,3824
2990,2991,2509
2991,2993,3957
2991,2994,2509
2992,3136,1537
2993,2994,2779
2994,2995,4465
2994,2996,4741
2995,2997,1374
2996,2997,5417
2996,3136,4446
2997,2998,2088
2998,2999,3436
2999,3021,3612
2999,3022,2113
2999,3141,5203
3001,3002,1466
3003,3016,1945
3003,3017,883
3004,3006,1257
3004,3007,2936
3004,3008,1912
3005,3014,2995
3007,3014,3334
3007,3015,3618
3007,3026,2319
3008,3056,859
3010,3012,1188
3010,3013,839
3011,3012,859
3011,3016,3360
3011,3026,7252
3012,3013,1680
3013,3014,1405
3015,3080,3155
3015,3084,2500
3016,3019,2529
3017,3018,2738
3018,3020,859
3018,3021,2946
3021,3023,3612
3021,3024,2321
3022,3145,2304
3023,3025,6948
3023,3156,2529
3024,3156,3063
3024,3160,2946
3025,3026,1512
3025,3099,3895
3025,3164,4689
3028,3029,1590
3028,3031,419
3031,3032,1318
3031,3038,2738
3032,3034,401
3032,6473,728
3033,3034,883
3033,3039,1676
3033,3040,2498
3034,3035,1677
3038,3039,2232
3038,3041,2095
3039,3042,2575
3041,3054,1467
3042,3043,990
3042,3044,1389
3042,3062,603
3044,3045,278
3045,3046,1157
3045,3063,1568
3046,3047,247
3047,3048,1989
3048,3049,1680
3048,3050,1525
3049,3050,883
3049,3051,1568
3049,3052,1111
3050,3052,1622
3050,3053,1886
3051,3075,1288
3051,3076,556
3052,3076,1467
3053,3064,1084
3054,3055,3374
3054,3057,3573
3055,3058,419
3056,3057,978
3057,3058,978
3058,3059,297
3058,3081,4316
3059,3060,1451
3059,3061,833
3059,3082,1529
3060,3062,680
3061,3063,5561
3061,3070,1953
3061,3083,3823
3064,3067,1048
3064,3068,3002
3065,3066,4227
3066,3071,2648
3066,3072,2509
3066,3073,4643
3067,3069,2778
3067,3072,2322
3068,6394,2339
3070,3071,964
3071,3101,8197
3072,3074,5894
3073,3090,1956
3073,3093,1467
3074,3078,3194
3074,3079,3085
3074,3112,2088
3075,3076,1288
3076,3077,9448
3079,3114,3304
3079,3115,6920
3081,3084,3532
3082,3085,1649
3083,3087,4216
3084,3085,348
3084,3099,8936
3085,3086,741
3085,3104,3024
3086,3087,390
3087,3088,594
3087,3100,1687
3088,3089,594
3089,3101,1809
3089,3102,2095
3090,3091,2530
3090,3092,1699
3092,3093,1719
3092,3101,4526
3093,3094,1131
3093,3095,2780
3094,3096,1451
3094,3097,3245
3095,3102,8460
3095,3109,2451
3096,3097,1874
3096,3098,5497
3097,3112,2915
3098,3109,2810
3098,3125,2262
3098,3126,6590
3099,3165,12128
3099,3173,1111
3100,3179,6989
3102,3103,1766
3103,3105,2262
3103,3106,3338
3103,3108,3155
3104,3173,336
3106,3109,5316
3106,3111,5245
3107,3108,1277
3107,3232,2749
3108,3111,4320
3109,3110,6549
3110,3126,3085
3110,3237,4851
3111,3233,3143
3112,3113,7463
3113,3125,2118
3113,3128,2118
3113,3129,4378
3114,3116,6697
3114,3117,1622
3114,3119,5498
3115,3119,839
3115,3128,859
3117,3118,2200
3117,3120,6571
3118,3121,4136
3118,3122,1090
3119,3120,2189
3120,3134,2372
3121,3123,1527
3121,3124,4450
3122,3123,3390
3122,3134,5691
3123,3135,6525
3125,3127,4058
3126,3132,2578
3126,3240,2649
3127,3131,839
3127,3132,2780
3128,3130,4244
3129,3130,1866
3129,3131,2088
3130,3135,1956
3131,3133,687
3132,3241,1568
3134,3135,503
3136,3137,283
3137,3138,859
3138,3139,2535
3138,3140,4018
3139,3142,3392
3139,3143,4988
3140,3146,1766
3140,3147,1186
3141,3142,833
3141,3145,3056
3142,3144,4509
3143,6369,1222
3144,3149,1866
3144,3150,2167
3145,3158,2848
3145,3159,1493
3146,3147,1277
3146,3148,2810
3148,3151,1405
3148,3152,2321
3150,3153,3708
3150,3154,2262
3150,3155,1257
3152,3155,6070
3152,3181,1084
3153,6369,570
3154,3162,1047
3154,3163,3392
3156,3157,4086
3157,3160,4824
3157,3164,1698
3158,3160,594
3159,3161,1402
3159,3162,3363
3160,3163,5684
3162,3166,2232
3163,3167,1457
3163,3169,314
3164,3165,4236
3164,3167,1355
3165,3175,503
3165,3177,5033
3167,3168,1389
3169,3170,1989
3169,3185,1057
3170,3171,1047
3170,3172,833
3173,3174,1582
3173,3179,933
3174,3175,3596
3175,3176,1678
3175,3203,3350
3176,3178,1182
3176,3179,13495
3176,3205,2177
3177,3185,4838
3177,3201,2013
3178,3180,2693
3179,3228,933
3180,3206,594
3180,3209,2164
3181,3183,3251
3182,3190,3334
3183,3184,1968
3183,3185,10843
3183,3186,3056
3184,3187,1956
3184,3188,3057
3184,3189,9780
3185,3200,1162
3186,3187,833
3186,3190,2810
3187,3194,5028
3188,3195,2778
3188,3196,2450
3189,3197,1626
3189,3200,1362
3189,3202,2509
3190,3191,3015
3191,3192,5273
3191,3193,3397
3192,3684,4750
3192,3686,4066
3193,3194,5109
3193,3823,4181
3194,3198,1339
3195,3196,3015
3195,3197,4764
3196,3198,3563
3196,3199,3912
3197,3214,784
3198,3824,1466
3199,3220,1989
3199,3824,7582
3200,3201,3360
3201,3202,2649
3202,3215,1466
3203,3204,433
3204,3205,6900
3204,3215,1186
3204,3216,680
3206,3207,2177
3206,3208,4929
3207,3210,1622
3207,3211,4684
3207,3212,3591
3208,3238,629
3208,3251,3400
3210,3251,883
3210,3253,1339
3211,3260,6729
3211,3261,3849
3212,3213,4198
3212,3218,2663
3213,3224,2436
3213,3225,3519
3214,3215,4871
3214,3220,746
3216,3223,1545
3217,3218,4867
3217,3219,4352
3217,3951,870
3218,3224,4352
3219,3224,4867
3219,3852,1719
3219,3859,1872
3220,3221,314
3221,3222,314
3222,3223,3824
3222,3847,1287
3223,3848,1413
3223,3951,1449
3224,3226,2514
3225,3227,2316
3225,3261,4157
3225,3262,4354
3226,3227,839
3226,3859,5167
3227,3861,3333
3228,3229,1525
3229,3232,933
3230,3231,1205
3230,3246,3303
3232,3233,6870
3232,3234,1766
3233,3237,6793
3234,3235,2514
3235,3236,4631
3235,3238,6029
3237,3242,3618
3238,3239,9189
3239,3254,3454
3240,3242,2947
3240,3243,1680
3242,3244,2170
3245,3246,2535
3245,3265,2612
3247,3248,4219
3247,3259,9047
3247,3268,1131
3249,3250,1919
3249,3266,2530
3249,3267,5654
3251,3252,6668
3252,3254,2223
3252,3256,1676
3253,3255,5478
3253,3256,6115
3254,3258,9223
3254,3259,13055
3255,3256,1872
3255,3257,1111
3258,3260,2262
3258,3263,556
3259,3264,5118
3259,6433,1968
3260,3261,3618
3260,3920,3605
3261,3262,4945
3262,3919,3708
3262,3923,1186
3263,3264,9480
3263,3921,2985
3264,3271,1866
3265,6433,6154
3266,3268,1719
3266,3270,3636
3267,3314,3281
3267,3315,2986
3268,3269,2322
3269,3276,1966
3269,3277,4567
3270,3277,2168
3270,3315,1131
3271,3272,2691
3271,3273,2316
3273,3274,2372
3273,3275,1716
3276,3278,1906
3276,3279,3495
3277,3279,1966
3278,3280,1766
3278,3281,2509
3279,3281,2780
3280,3282,1525
3280,3283,838
3281,3282,1375
3282,3330,594
3286,3287,3085
3286,3288,7791
3287,3288,7212
3287,3291,2535
3288,3289,2168
3288,3297,3049
3290,3293,1677
3290,3294,3895
3291,3292,2578
3291,3297,5512
3292,3298,4828
3294,3295,2559
3297,3298,3056
3298,3299,4028
3300,3301,2371
3300,3316,7054
3302,3303,859
3302,3306,5358
3302,3307,4685
3304,3305,4323
3304,3319,5588
3304,6438,1686
3305,3309,933
3305,3310,1569
3306,3307,2232
3306,3318,6707
3307,3308,687
3310,3311,1840
3310,3321,2709
3311,3321,3085
3311,3342,1044
3312,3313,12530
3312,3342,2457
3313,3344,3050
3313,3358,2781
3313,3359,3298
3315,3316,2310
3316,3317,1451
3316,3329,6504
3317,3318,1781
3317,3334,7522
3318,3323,933
3319,3320,3169
3319,3325,6100
3320,3321,883
3320,3322,4788
3320,3327,2780
3322,3328,1907
3322,3343,2371
3322,3345,8952
3323,3324,1451
3323,3331,6100
3324,3325,933
3324,3332,5972
3325,3326,1989
3326,3335,1188
3326,4085,5866
3327,3328,4521
3327,3335,3334
3328,3337,2062
3331,3332,1989
3331,3334,2535
3332,3338,933
3333,3334,696
3335,3336,1525
3336,3337,2810
3336,3339,2649
3337,3349,5012
3339,3340,7847
3339,3341,6315
3340,3349,2849
3340,4086,2649
3341,4086,2044
3341,4094,8547
3342,3343,1467
3343,3344,13947
3344,3346,3050
3344,3347,7788
3345,3346,4797
3345,3351,2576
3346,3348,8004
3346,3352,3050
3347,3348,2781
3347,3364,2650
3348,3366,4619
3349,3350,2902
3350,3353,2232
3350,4087,2849
3351,3352,4619
3351,3353,2947
3352,3354,2849
3353,3354,3495
3354,4088,2849
3355,3356,2221
3355,3357,2062
3355,3362,6188
3356,3357,933
3356,3367,1782
3357,3365,4401
3359,3360,3234
3359,3361,1823
3361,3362,859
3361,3363,1527
3362,3363,883
3363,3364,1451
3364,3365,1188
3365,3366,6382
3366,3371,2902
3366,4096,7784
3375,3376,6928
3375,3381,5426
3375,6347,9691
3376,6336,1719
3376,6339,4015
3377,3378,5637
3377,3394,2842
3377,3396,2696
3379,3380,8107
3379,6212,15731
3380,3381,7541
3380,3392,1819
3381,3401,12815
3382,3383,921
3382,6384,4843
3383,3393,3183
3384,3385,4638
3384,3386,1250
3384,3387,2786
3387,3388,1786
3388,6408,636
3389,6206,685
3390,3391,3135
3390,3398,3311
3390,3410,3888
3391,3396,3707
3391,3397,12371
3392,3393,859
3392,3402,3732
3393,3394,3978
3393,3395,14441
3394,3397,12426
3396,3411,6953
3397,3413,3397
3399,3400,5040
3399,3410,7138
3399,3428,2060
3402,3403,3791
3402,3404,3156
3404,3405,3547
3404,3406,2630
3406,3407,3601
3406,3408,6253
3408,3409,3469
3408,3412,5687
3410,3414,12042
3410,3457,4188
3412,3420,8646
3412,3421,11124
3413,3414,6945
3413,6451,8413
3415,3416,12479
3415,3422,8635
3416,6355,8869
3416,6359,9541
3417,3418,4188
3417,3419,3360
3418,6345,7046
3418,6351,5040
3419,3421,15404
3423,3424,5556
3423,3564,999
3424,3425,891
3426,3427,882
3427,3428,3987
3428,3429,7538
3429,3430,2943
3429,3431,5868
3431,3458,682
3431,3459,2809
3432,3433,400
3432,3434,12701
3434,3437,3361
3434,3441,6931
3434,3442,2310
3435,3436,3895
3435,3437,9503
3435,6495,1252
3437,3445,4020
3437,3453,1871
3438,3439,3237
3438,3440,8951
3438,3442,2940
3440,3485,3350
3442,3443,3434
3442,3444,2500
3443,3444,3331
3443,3446,2843
3444,3486,3563
3445,3454,1338
3446,3455,1839
3446,3486,5025
3447,3448,2223
3447,3449,1257
3447,3450,1465
3450,3461,4614
3451,3452,1964
3451,3454,8400
3454,3455,859
3454,3456,2449
3456,3468,6720
3456,3473,5001
3456,3494,2087
3457,3458,2658
3457,3561,20177
3458,6447,5292
3459,3460,2319
3459,3462,2388
3460,3463,6444
3460,3464,5214
3461,3462,3204
3461,3467,859
3462,6448,1635
3463,3467,3987
3463,3469,3438
3463,3474,3822
3464,3465,3169
3464,3466,1622
3467,3468,7548
3468,3470,6500
3470,3471,3760
3470,3478,3452
3471,3472,2846
3471,3473,3642
3472,3479,1719
3473,3533,2902
3475,3476,1042
3475,3477,1739
3475,3478,4092
3476,6396,1531
3478,3480,1083
3479,3539,8906
3479,3543,2846
3480,3481,2262
3480,3562,2983
3481,3482,3706
3481,3483,3563
3484,3489,1047
3485,3487,2375
3485,3488,5211
3486,3487,2315
3487,3494,7023
3488,3492,1495
3488,3493,2457
3489,3490,2512
3490,3491,5109
3490,3492,1449
3491,3503,2810
3491,3506,1492
3493,3496,3009
3493,3497,4432
3494,3495,3200
3495,3532,5011
3495,3533,2848
3496,3499,3191
3496,3506,3153
3496,3520,1677
3497,3498,3912
3497,3499,2535
3497,3500,1049
3500,3501,1287
3501,3535,2786
3501,3538,2736
3502,3511,1466
3502,3513,2711
3503,3504,1466
3503,3507,1287
3504,3505,8906
3505,3510,2528
3505,3513,2513
3505,3516,2232
3507,3509,1676
3507,3510,8313
3508,3509,2133
3508,3520,3084
3508,3522,3191
3508,3523,6396
3510,3524,5315
3510,3527,2738
3511,3512,5295
3512,3514,1698
3513,3514,2535
3514,3515,882
3515,3516,1884
3515,3518,1791
3516,3519,2711
3517,3518,3005
3519,3524,1085
3520,3521,2780
3523,3527,833
3523,3556,2320
3524,3525,2166
3524,3526,5605
3525,3529,888
3525,3595,5867
3526,3583,3169
3526,3595,2256
3527,3528,3063
3528,3529,2685
3529,3530,1144
3530,3531,2447
3531,3557,1886
3531,3616,2325
3533,3534,4750
3534,3535,3084
3534,3536,1532
3535,3537,2369
3537,3539,3563
3537,3540,1287
3538,3540,2457
3538,3542,1005
3539,3541,1871
3542,3544,2573
3544,3545,11603
3544,3547,1466
3545,3546,2444
3545,3563,5916
3546,3549,978
3547,3548,2060
3548,3549,2361
3548,3553,2983
3548,3560,9862
3549,3550,9438
3551,3552,454
3551,3558,2265
3551,3695,385
3552,3634,839
3552,3697,6529
3553,3554,2786
3553,3555,4823
3554,3559,3360
3555,3565,3063
3555,3566,6199
3557,6426,5099
3560,3622,995
3562,3563,3929
3563,3564,11378
3565,6419,3440
3566,3576,2943
3567,3568,10461
3567,3573,3497
3567,3574,7633
3569,3570,3731
3570,3571,4913
3570,3572,6970
3572,3740,4251
3572,3743,4197
3574,3578,6512
3574,3579,4465
3575,3579,7767
3576,3577,1968
3576,3578,4942
3579,3580,4764
3580,3581,4180
3581,3742,5566
3581,3762,2353
3584,3585,3612
3584,3586,2094
3585,3587,2303
3585,3588,4723
3586,3587,3618
3586,3593,2934
3587,3594,2899
3589,3590,833
3591,3600,2578
3591,3601,1675
3592,3593,2094
3592,3601,3895
3592,3603,3244
3594,3603,3726
3594,3604,4887
3595,3596,1719
3595,3597,1698
3596,3598,2166
3596,3599,1956
3599,3601,556
3599,3602,1492
3603,6461,1539
3604,3605,2574
3605,3606,653
3606,3609,2241
3606,3610,5397
3607,3608,6750
3607,3609,1989
3607,3613,4742
3608,3615,5603
3609,3613,3780
3611,3612,10917
3611,3633,3072
3611,3636,1393
3612,3632,2690
3613,3614,1005
3615,3671,2957
3615,3692,348
3616,6456,2341
3616,6460,4383
3617,3618,1248
3618,3621,4172
3618,3625,2736
3619,3620,5096
3619,3622,1989
3619,3623,978
3621,3626,2722
3621,3631,1256
3623,3624,2364
3623,3736,2932
3624,3627,278
3624,3737,6491
3625,3626,4450
3625,3627,2112
3626,3629,2513
3627,3628,995
3628,3629,1393
3628,3630,4625
3629,3636,1131
3632,3633,6911
3633,3642,859
3634,3635,2553
3634,3638,687
3636,3637,3989
3638,3639,4914
3638,3640,1258
3639,3641,2254
3639,3703,1866
3640,3641,5759
3640,3642,937
3640,3645,1374
3641,3704,687
3642,3643,3705
3642,3645,833
3643,3644,3830
3643,3748,2662
3644,3646,2113
3644,3749,2513
3645,3646,1905
3646,3647,2535
3647,3648,2310
3647,3754,5871
3648,3704,1677
3648,3755,5243
3649,3650,2778
3649,3651,3780
3650,3652,2513
3652,3653,2370
3652,3654,6421
3653,3661,5572
3654,3662,1885
3655,3656,503
3655,3657,2810
3655,3668,1698
3657,3658,4764
3657,3669,1492
3658,3670,1005
3658,3674,933
3659,3660,2648
3661,3662,687
3661,3663,1374
3662,6397,2401
3663,3664,3120
3663,3674,1005
3664,3667,4489
3664,3675,838
3665,3666,2268
3665,3667,1676
3666,6397,2001
3667,3679,4750
3670,3671,3853
3670,3673,6943
3671,3672,2026
3672,3677,1078
3672,3694,6063
3673,3675,5446
3673,3701,1101
3676,3677,205
3676,3698,5417
3676,3700,833
3677,3701,2376
3679,3680,2371
3679,3681,3049
3681,3682,4750
3681,3683,1965
3682,3684,503
3682,3685,3705
3683,3685,7098
3685,3686,859
3686,3687,2188
3686,3823,2902
3687,3690,6081
3688,3689,3666
3688,3715,2509
3689,3718,1989
3690,3691,2232
3690,3718,3154
3691,3836,3392
3691,3877,2095
3692,3693,1622
3692,3695,1436
3693,3694,4978
3693,3696,1460
3694,3698,3981
3694,3699,1374
3696,6469,628
3697,3699,2516
3697,3703,2872
3698,3710,3604
3700,3702,1809
3701,6429,173
3701,6430,11487
3702,3713,1188
3703,3706,1765
3703,3707,6272
3704,3705,2848
3705,3706,1005
3705,3709,3357
3706,3708,5506
3707,3708,1698
3707,3712,503
3708,3774,5509
3708,3775,5687
3710,3711,2578
3710,3712,2370
3713,3714,1670
3713,3723,8801
3714,3716,1542
3714,3724,8188
3716,3717,3120
3716,3729,4189
3717,3720,2321
3717,3722,2570
3717,3730,3569
3718,3719,2218
3718,3720,1287
3719,6398,3408
3720,3721,8890
3721,3881,833
3721,6398,3077
3722,3882,1781
3723,3724,3085
3723,3725,1698
3724,3726,2095
3724,3728,3618
3725,3726,3334
3725,3727,1905
3726,3732,9453
3728,3729,3770
3728,3732,5572
3729,3730,6134
3730,3731,1105
3731,3732,1666
3732,3733,2857
3733,3790,2780
3733,3891,2826
3734,3735,2623
3734,3736,3534
3735,3736,2273
3738,3739,4994
3738,3744,1866
3738,3752,2019
3740,3741,3590
3740,3742,5508
3742,3746,13808
3744,3745,9845
3744,3746,696
3746,3767,9014
3747,3748,4181
3747,3750,1508
3747,3752,1005
3748,3749,6282
3748,3750,2677
3749,3751,2945
3750,3751,7902
3751,3758,1047
3752,3753,9328
3753,3756,2723
3753,3758,1466
3754,3755,2223
3754,3759,2320
3755,3773,1405
3756,3757,7465
3756,3761,2737
3758,3759,2500
3759,3760,3392
3761,3765,4214
3761,3772,687
3763,3764,594
3763,3765,3304
3763,3769,2722
3765,3771,2167
3766,3767,2200
3766,3768,3593
3766,4098,1186
3769,3770,5791
3770,3771,2941
3774,3776,2061
3775,3776,3192
3776,3777,1840
3776,3780,2898
3777,3781,3485
3777,3782,838
3778,3779,4085
3778,3791,3912
3782,3783,1182
3782,3784,2435
3783,3786,1866
3783,3787,1568
3784,3785,2167
3784,3808,1527
3785,3787,3049
3785,3809,933
3787,3788,1451
3787,3789,3048
3789,3807,5834
3789,3810,2737
3790,3791,3981
3790,3792,1084
3791,4007,3131
3793,3794,4838
3793,3795,787
3793,3796,2262
3793,3798,2974
3794,3797,17485
3795,4009,1097
3796,3805,594
3797,3813,825
3798,3813,3999
3799,3800,4172
3799,3801,1965
3799,3802,2390
3800,3801,3981
3801,3803,1277
3803,3804,2637
3803,3818,1965
3804,3805,7661
3804,3806,3889
3805,4014,4838
3806,4027,1906
3806,4028,5295
3810,3811,2786
3810,3812,628
3814,3815,1781
3814,3816,2095
3814,3817,1969
3817,3818,4322
3817,3820,1084
3818,3819,3912
3819,3822,4539
3819,4051,2849
3820,3821,2343
3823,3824,8545
3824,3827,1084
3825,3826,1680
3825,3828,1719
3825,3835,3191
3828,3829,5295
3828,3830,1885
3829,3831,2321
3829,3832,2321
3829,3833,1956
3830,3831,5001
3830,3838,1568
3831,3834,2223
3831,3839,2575
3833,3849,975
3833,3853,344
3834,3840,746
3834,3853,953
3835,3836,6835
3836,3837,7574
3836,3878,2095
3837,3839,5167
3837,3841,1766
3839,3840,2711
3840,3845,784
3841,3842,2711
3841,3883,2177
3842,3843,3895
3842,3844,4826
3843,3845,1127
3843,3846,1781
3843,3885,1084
3844,3883,4175
3844,3889,2371
3845,3865,1451
3847,3848,3085
3847,3849,218
3848,3850,2232
3848,3854,1276
3850,3851,3155
3850,3852,1719
3851,3855,2223
3851,3857,2232
3851,3858,4019
3852,3951,3779
3853,3854,2786
3854,3855,859
3854,3866,2376
3855,3856,5872
3856,3868,278
3856,3871,2709
3857,3860,2223
3857,3867,4190
3858,3867,1667
3859,3860,2167
3860,3862,1956
3860,3872,4609
3861,3862,3895
3861,3923,3056
3862,3863,1493
3863,3864,6390
3863,3873,3364
3864,3924,1084
3864,3926,1257
3866,6130,970
3867,3872,2262
3868,3869,2575
3868,3870,8622
3869,3871,2848
3869,3905,2095
3870,3875,1886
3870,3876,4322
3871,3904,2167
3872,3873,1945
3873,3875,556
3875,3876,3889
3876,3937,1667
3879,3880,3900
3879,3883,1596
3880,3882,859
3880,3884,2964
3884,3889,1084
3884,3892,344
3885,3886,2535
3885,3887,1279
3886,3888,1023
3886,3904,1389
3886,6130,667
3887,3888,2535
3887,3889,1529
3888,3890,902
3888,3906,1719
3890,3895,2305
3891,4007,2281
3891,6472,2753
3892,3895,542
3893,3894,2749
3893,3906,2691
3893,3910,933
3895,3896,1305
3895,3897,1031
3896,4008,2501
3897,3898,593
3898,3899,920
3898,3901,2711
3899,3900,4838
3899,4015,1094
3900,3902,1374
3900,4023,8895
3901,3902,1680
3902,3903,3824
3903,3915,6436
3903,4034,3708
3904,3905,3392
3905,3908,933
3906,3907,1405
3907,3909,2743
3909,3911,12185
3912,3913,2223
3912,3960,1467
3912,3961,1667
3912,3976,4400
3913,3918,7800
3914,3915,1405
3915,3916,1989
3917,3918,1405
3917,4035,2946
3919,3920,1966
3919,3922,2535
3919,3925,1906
3920,3921,2786
3921,3922,2649
3923,3924,629
3924,3925,4028
3925,3929,2535
3925,3940,4272
3926,3927,1405
3927,3928,859
3927,3938,2321
3929,3934,1989
3929,3944,5718
3930,3931,4538
3930,3932,2086
3930,3933,1493
3931,3936,2115
3931,3947,6363
3932,3933,1402
3932,3934,1687
3933,3936,2167
3934,3935,1044
3935,3936,859
3935,3949,5825
3937,3938,1719
3937,3941,2321
3938,3939,859
3941,3942,6514
3941,3943,5117
3942,3945,271
3943,3955,1945
3943,3959,2095
3945,3946,599
3945,3957,3605
3946,3948,531
3947,3954,2171
3947,3969,2724
3948,3949,1111
3949,3950,1667
3952,3953,2289
3952,3970,1766
3952,3972,3340
3952,3975,1467
3954,3996,6103
3955,3956,1886
3955,3957,1956
3957,3958,2305
3958,3959,3912
3958,3964,1719
3959,3963,1886
3961,3962,1467
3961,3963,1945
3961,3977,4400
3963,3978,4819
3964,3970,1525
3966,3967,1222
3966,3968,2095
3967,3969,2454
3968,3970,4170
3968,3971,3618
3969,3995,883
3971,3988,2986
3971,3995,2095
3971,3997,10885
3973,3974,1886
3973,3980,2535
3973,3983,3912
3974,3975,3889
3975,3985,1493
3976,3977,1667
3976,4062,3981
3977,3978,1989
3977,3979,3781
3978,3980,210
3980,3981,2095
3981,3982,6390
3981,4063,1048
3982,3983,2933
3982,3990,1945
3983,3985,278
3984,4022,3596
3984,6435,2970
3985,3989,1667
3986,3987,3454
3986,3988,5536
3986,3989,1719
3987,3990,2500
3987,3992,1987
3987,3993,2168
3988,3999,419
3989,3990,2933
3991,3992,1568
3992,3994,2575
3993,4064,11392
3993,4066,2114
3994,4069,1131
3994,4070,1186
3995,3996,7957
3996,3998,2262
3999,4000,1966
3999,4001,10067
4000,4002,1989
4000,4005,3812
4002,4003,2114
4002,4004,5654
4003,4004,5381
4003,4006,1699
4004,4006,5694
4005,4006,1989
4005,4077,2986
4007,4010,556
4008,4009,1173
4008,4010,594
4008,4012,4022
4010,4011,1508
4012,4013,2969
4012,4016,348
4012,4018,669
4014,4018,746
4014,4026,1766
4015,4016,1257
4015,4020,4235
4016,4017,4291
4017,4030,3672
4018,4019,8738
4019,4030,2255
4019,4032,5186
4020,4024,2188
4020,4025,10843
4021,4022,3262
4021,6364,6580
4021,6437,2702
4022,6370,3311
4023,4025,2933
4023,4036,1287
4023,4037,2535
4025,4031,2723
4026,4028,1374
4026,4029,4028
4028,4033,843
4030,4031,8648
4031,4048,1466
4032,4058,4794
4032,6509,1385
4033,4055,2316
4033,4056,593
4034,4035,5295
4034,4036,1676
4035,4039,11144
4037,4038,5560
4037,4042,1885
4038,4040,1766
4038,4041,8059
4038,4043,2113
4039,4064,1048
4039,4065,1048
4041,4065,1467
4041,4067,838
4042,4043,5295
4042,4044,1885
4043,4045,2113
4043,4049,8337
4044,4045,5040
4044,4046,2738
4045,4047,1968
4045,4050,4742
4046,4047,4727
4046,4048,2232
4048,4058,1888
4049,4067,838
4049,4074,2307
4050,4073,1782
4050,4075,3155
4051,4052,5040
4051,4053,3854
4052,4053,3400
4052,4054,3085
4054,4056,1095
4056,4057,3642
4058,4059,1111
4059,4060,13079
4059,4061,1047
4060,4084,1731
4063,4064,1257
4065,4066,11670
4067,4068,11417
4071,4072,5015
4072,4077,1888
4072,4081,2986
4073,4074,2233
4073,4076,3983
4074,4084,5454
4077,4078,3085
4078,4079,3194
4078,4080,9834
4080,4082,1740
4082,4083,5162
4085,6395,841
4086,4089,2848
4086,4090,5972
4087,4088,5697
4087,4089,2451
4088,4093,703
4089,4090,5498
4090,4094,1766
4091,4092,3305
4091,4096,4524
4096,4097,3708
4455,4464,31533
4458,4478,17913
4461,4464,11112
4464,4467,13843
4464,4477,15602
4467,4478,22245
4467,4479,14116
4467,4480,19646
4479,4504,17442
4479,4505,14080
4480,4482,2093
4480,4485,5619
4481,4482,5721
4481,4617,18570
4485,4517,15054
4500,4501,2783
4500,4741,1881
4501,4737,6603
4501,4740,3779
4502,4503,1460
4502,4739,4134
4517,4520,13086
4517,4650,8094
4524,4526,4161
4526,4527,2000
4526,4530,13464
4530,4541,3432
4532,4536,5505
4536,4538,1622
4536,4540,1187
4537,4538,18101
4537,4608,4405
4537,4612,8737
4538,4540,1286
4540,4549,12153
4541,4542,2637
4541,4543,5696
4542,259793,28100
4542,263693,425
4543,4544,3190
4543,4545,4554
4545,4546,11462
4545,4551,14321
4547,4548,11541
4547,4550,696
4547,4552,628
4549,4550,9881
4550,4553,1005
4551,4583,6773
4552,4553,1131
4553,4554,3666
4554,4555,9038
4554,4628,14471
4556,4557,2306
4556,4579,11668
4557,4558,11340
4557,6467,550
4558,4559,5023
4558,245111,313
4559,4560,7122
4559,4561,5108
4560,4566,5803
4561,4562,1451
4562,4563,5450
4562,4567,2565
4562,245112,407
4564,4565,5316
4564,4566,2942
4564,6467,1867
4565,6458,1315
4566,4584,882
4567,4569,304
4568,4569,2566
4568,4570,2662
4568,4571,5617
4569,4572,3942
4570,4573,17140
4570,4590,22730
4573,4590,12590
4573,5675,1389
4574,4592,5371
4575,4576,7672
4575,4577,14527
4575,4578,9415
4578,4580,5703
4579,4580,1738
4579,4585,15788
4580,5811,10838
4581,4582,9802
4581,4585,4603
4582,4583,13210
4585,4586,15343
4585,4587,7064
4586,4596,9744
4588,4692,8713
4590,4591,2890
4591,5813,14391
4592,4600,588
4593,4594,29188
4593,4595,2982
4594,4697,4876
4594,4698,6749
4595,4600,590
4595,4601,1728
4596,4597,1111
4596,4598,838
4597,4598,838
4597,4599,11963
4598,4602,8693
4599,4600,1084
4601,4711,7109
4601,4713,4343
4602,4603,7072
4607,4610,1827
4608,4609,4122
4608,4625,10304
4609,4626,10499
4609,4627,19198
4610,4611,1181
4610,4612,1083
4611,4612,1131
4611,4613,12207
4613,4618,5350
4613,4619,859
4614,4615,6512
4614,4616,9296
4614,4622,16130
4617,4622,12300
4617,4624,23600
4617,4640,26246
4619,4620,1185
4619,4621,1188
4620,4621,839
4620,4627,7620
4621,4622,6945
4624,4654,4950
4624,4656,1044
4626,4629,5517
4627,4634,7028
4628,4629,3636
4628,4630,3026
4629,4632,10078
4630,4631,7446
4630,4697,12969
4632,4633,23138
4633,4699,2310
4633,4704,6976
4634,4635,15485
4634,4636,6724
4634,4637,14575
4637,4638,3494
4638,4639,8862
4638,4640,1492
4639,4699,6533
4641,4642,6389
4641,4670,2974
4642,4643,6558
4643,4700,353
4644,4645,2209
4644,4646,24004
4644,4649,8672
4646,4671,11133
4646,4673,9846
4647,4648,10170
4647,4649,2513
4647,4703,5235
4649,4706,7782
4650,4651,7224
4650,4652,650
4652,4653,10725
4652,4654,7664
4654,4655,3036
4656,4657,696
4657,4658,2662
4658,4659,1055
4658,4660,1466
4658,4661,3261
4659,4670,1021
4660,4662,4607
4661,4671,933
4662,4663,4114
4663,4668,8487
4671,4672,7284
4672,4674,5166
4672,4677,18060
4673,4677,4523
4673,4682,5759
4674,4675,7583
4674,4676,839
4676,4678,21103
4676,4679,6391
4677,4678,5059
4678,4683,2898
4683,4684,3434
4683,4748,2460
4691,4692,1277
4691,4768,18067
4692,4693,13737
4694,4695,2147
4694,4790,1221
4699,4701,3169
4700,4701,1544
4701,4702,3063
4701,4723,9803
4702,4703,13802
4702,4705,6487
4703,4709,7957
4703,4751,12269
4706,4746,4785
4706,4747,6190
4707,4708,4524
4707,6417,8935
4709,4710,22920
4709,4754,19817
4711,4712,2018
4712,4714,7855
4714,4715,5383
4714,4716,1778
4715,4719,4577
4716,4717,9857
4717,4718,10960
4718,4722,9508
4718,4726,2102
4720,4721,5864
4720,4722,3464
4723,4724,1497
4724,4725,2698
4725,4730,473
4726,4727,3490
4727,4728,906
4727,4729,2831
4729,4732,1765
4730,4733,749
4731,4732,1622
4733,4734,2848
4733,4735,808
4734,4736,2310
4735,4739,945
4736,4737,886
4741,4742,859
4741,4745,3603
4742,4743,6960
4742,4744,5854
4744,4793,6522
4744,4799,3563
4749,4750,9799
4750,4751,6444
4750,4760,13324
4752,4753,1405
4752,4760,6871
4754,4755,1392
4754,4756,1492
4755,4756,1044
4755,4757,14937
4756,4759,5204
4757,4761,4914
4757,4763,4322
4758,4759,949
4758,4791,1600
4760,4761,696
4761,4762,4979
4763,4766,1044
4763,4767,1257
4763,4768,19251
4764,4765,7716
4764,4772,3627
4764,4792,3190
4765,4774,4945
4766,4767,1044
4766,4769,16223
4767,4770,1466
4768,4775,6177
4769,4781,1044
4770,4771,883
4770,4772,839
4771,4772,859
4771,4773,7370
4775,4776,16417
4776,4777,9427
4776,4780,8768
4781,4782,4465
4781,4802,7215
4782,4783,2848
4782,4785,7223
4782,4786,12436
4783,4784,12625
4785,4787,1005
4785,4788,1111
4786,4803,14717
4786,4812,8799
4787,4788,1005
4787,4804,5215
4788,4789,11408
4789,5147,1906
4789,5149,1989
4790,4793,9413
4791,4792,16690
4792,4809,25372
4793,4794,6058
4795,4796,7281
4795,4801,1924
4795,5179,2337
4796,4807,8546
4796,5177,4523
4797,4798,7643
4799,4800,4523
4800,5677,5095
4804,4805,4062
4804,4806,5928
4806,4808,9574
4806,4813,7697
4807,5175,1084
4807,5176,1389
4808,4814,3244
4808,5185,5186
4808,5186,11271
4809,4810,1131
4809,4811,839
4810,4811,1005
4810,4812,883
4812,4814,16424
5147,5148,7254
5149,5150,27108
5149,5175,2514
5175,5176,1527
5176,5177,8221
5177,5178,8103
5179,5186,3360
5179,5187,3889
5185,5186,8380
5187,5189,5560
5189,5190,9831
5189,5192,8617
5190,5191,4567
5190,5193,7089
5191,5193,10248
5191,5222,3347
5193,5194,2240
5232,5234,1277
5232,5235,1676
5234,5235,1527
5673,5674,19679
5673,5675,2232
5673,5676,13317
5674,260971,13482
5676,6053,11685
5683,5684,1696
5683,5685,2218
5683,5686,9040
5685,5688,7252
5686,5687,2486
5686,5688,4523
5688,5689,7846
5689,5692,695
5689,5712,7548
5690,5691,1636
5690,5692,5705
5692,5697,3940
5693,5694,654
5693,5697,3618
5695,5696,3576
5695,5706,13707
5695,5707,6297
5697,5698,9061
5698,5884,7207
5698,5957,15136
5699,5700,594
5699,5701,1696
5699,5702,1405
5700,5714,2059
5702,5703,7790
5703,5958,6420
5703,5959,6561
5704,5705,668
5704,5706,630
5704,5709,4017
5705,260943,8358
5706,5708,2329
5708,5710,2611
5708,5724,11997
5710,5716,2658
5710,5717,6630
5711,5712,1676
5711,5713,2968
5711,5716,5687
5713,5714,4173
5713,5719,16936
5714,5715,6036
5716,5718,5848
5717,5725,4741
5717,5726,1962
5718,5720,3566
5718,5729,6397
5718,5730,2843
5719,5729,5197
5719,5959,5915
5721,5722,4783
5721,6439,4426
5722,5723,4464
5722,5731,13378
5723,260946,2626
5726,5727,22616
5726,5728,2565
5727,6439,1443
5727,6440,5685
5729,6021,1665
5730,6033,20432
5730,6441,3571
5731,5732,20386
5731,5740,13908
5732,5758,3641
5732,5783,24814
5733,5734,16149
5733,5748,5629
5733,5749,3730
5735,5736,695
5735,5739,17781
5735,6234,10208
5736,5737,9728
5736,5738,2928
5737,6215,3012
5737,6234,1187
5738,260967,10968
5739,5773,3894
5739,5775,2440
5740,5741,4552
5740,5742,4531
5742,5743,7960
5742,5750,5510
5743,5753,12330
5743,5755,2706
5744,5745,11839
5744,5750,1768
5744,5752,11967
5746,5747,4164
5746,5749,2428
5747,260951,13199
5748,260964,7805
5749,5768,1783
5749,5769,10835
5750,5751,5901
5753,5754,12265
5753,5769,10416
5755,5756,2941
5755,5757,5018
5758,5760,992
5758,5765,5466
5759,5760,2920
5759,5763,5378
5759,5765,6704
5761,5762,2079
5761,6034,9864
5762,5763,4117
5763,5764,5962
5764,5766,7312
5764,6112,3260
5765,5767,3246
5768,5770,2617
5768,5771,8448
5769,5772,19208
5770,5773,1678
5772,5789,1506
5773,5774,7708
5774,5778,4108
5774,5779,3103
5775,6234,10020
5775,6235,4583
5776,5777,5903
5776,5781,5228
5776,5789,4848
5779,5780,5219
5779,6235,7128
5781,5782,6681
5781,5793,7176
5783,5784,8065
5783,5785,7227
5785,5790,3895
5785,5791,11580
5786,5787,6928
5786,5788,11780
5786,6244,15934
5789,5790,10311
5790,5792,11452
5792,5794,7462
5792,5795,2765
5793,6238,13961
5793,6239,12036
5795,5796,6157
5795,6241,3814
5797,5798,9484
5797,5801,8747
5797,5803,4463
5799,5800,2318
5799,5801,6144
5799,5828,14398
5801,5802,4220
5804,5805,7460
5804,5808,23546
5804,5816,9284
5805,5815,18092
5805,6422,8592
5806,5807,6197
5806,5810,7778
5806,5833,1188
5807,5823,10600
5807,5830,4220
5808,5809,7729
5808,5838,5616
5810,5812,3077
5814,5815,9284
5815,6421,12246
5816,5817,15449
5816,5818,9917
5818,5920,2375
5818,5925,4837
5819,5936,8538
5819,5943,7567
5820,5821,2400
5820,5822,1250
5820,5823,2661
5821,260981,3090
5822,5824,2164
5822,5826,2118
5823,5834,9335
5824,5825,18190
5826,5827,519
5826,5829,250
5828,5829,995
5828,5830,1795
5830,5831,3949
5830,5832,4166
5832,5833,2164
5832,5836,8922
5832,5837,6873
5833,5853,8244
5834,5835,3048
5834,5839,6908
5836,5838,7976
5837,5841,4636
5837,5855,5977
5839,5840,6947
5839,5872,8076
5841,5842,2509
5843,5844,2509
5843,5845,882
5843,5846,3013
5846,5847,5111
5846,5848,5592
5847,5848,6203
5847,5849,2842
5848,5917,3826
5849,5850,696
5849,5922,7538
5850,5851,779
5851,5852,5529
5851,5863,7431
5853,5854,4864
5853,5856,5244
5854,5860,4188
5854,5864,1763
5855,5863,2809
5857,5858,5331
5857,5859,7431
5857,5879,12017
5859,5882,5991
5859,5896,3735
5860,5861,594
5860,5862,1187
5861,6006,8051
5862,5863,15251
5863,5865,1532
5864,5894,3726
5865,5866,8643
5865,5869,6740
5866,5906,15628
5866,5934,2219
5866,5935,4306
5867,5868,6069
5867,5869,628
5867,5870,2898
5870,5871,7899
5872,5873,5217
5873,5874,2934
5874,5875,3725
5874,5876,1632
5876,5883,2142
5877,5878,1889
5877,5881,2042
5877,5885,12028
5879,5880,3015
5879,5881,8714
5881,5902,3362
5883,5884,12116
5884,5885,5070
5885,5886,11058
5886,5887,6333
5886,5893,4667
5887,5888,3970
5887,5891,1284
5889,5890,15025
5889,5896,2503
5889,5897,8978
5890,5892,2462
5890,5893,6090
5893,5962,882
5894,5895,4061
5894,5896,8108
5898,5899,7879
5898,5900,2434
5898,5909,10701
5900,5901,4310
5900,5903,2509
5901,6006,3697
5901,6008,8439
5903,5904,2901
5904,5905,5211
5904,5911,9478
5905,5906,6988
5906,5944,4747
5907,5908,1968
5907,5912,8800
5907,5913,5962
5909,5910,4808
5909,5911,9455
5909,5914,10258
5911,5914,5029
5913,5964,6427
5914,5915,2845
5916,5991,628
5917,5918,5849
5917,5919,1989
5920,5921,5053
5920,5922,10248
5922,5923,16309
5923,5932,502
5923,5934,1685
5924,5925,3537
5925,5926,5291
5926,5927,6144
5926,5930,11532
5928,5929,5283
5928,5933,2435
5928,5936,2566
5930,5931,3612
5930,5932,4267
5932,5933,17963
5935,5937,5371
5935,5945,6798
5937,5938,3478
5937,5939,8984
5939,5940,1491
5939,5941,3130
5941,5942,1677
5943,6411,3457
5944,5946,1276
5944,5949,10594
5945,5953,9851
5945,5954,3179
5946,5947,4188
5946,5948,8214
5948,5950,12375
5948,5951,6785
5950,6059,1082
5951,5952,12110
5951,6065,8736
5952,5955,2308
5954,5955,783
5955,5956,4087
5958,5960,3034
5959,5966,3730
5960,5961,6513
5960,5967,4295
5961,5965,8189
5961,5968,3667
5962,5963,3607
5963,5964,3707
5963,5965,6069
5964,5982,4311
5968,5974,11568
5969,5970,6201
5969,5971,2619
5969,5972,2509
5972,5973,3243
5972,6010,6657
5973,6001,1255
5973,6002,2879
5974,5975,5068
5974,6021,3730
5975,6021,3598
5975,6024,2839
5975,6025,1903
5976,5977,2509
5976,5980,2059
5976,5981,1337
5978,5979,4153
5978,6036,2986
5978,6039,5286
5981,6027,5028
5982,5987,5823
5983,5984,7614
5983,5985,8337
5983,5989,2232
5984,6406,1227
5985,5986,2938
5985,5987,1004
5987,5988,7359
5988,6007,4883
5988,6009,7179
5989,5990,3084
5989,5996,3985
5990,5995,5592
5990,5997,5052
5991,5992,4073
5991,5993,3389
5993,5999,5052
5993,6059,8334
5994,5995,3912
5994,5999,3636
5994,6000,7211
5995,5998,5447
5999,6061,5693
6000,6407,987
6002,6003,1763
6003,6004,1184
6003,6005,13632
6009,6015,5696
6009,6018,3013
6010,6011,3618
6010,6029,9063
6012,6013,2315
6012,6014,1764
6014,6015,2509
6014,6016,1781
6016,6017,3879
6016,6019,5683
6019,6020,9954
6020,6043,7872
6020,6083,11120
6022,6023,4406
6022,6026,3946
6023,6032,2367
6023,6033,7543
6024,6025,5560
6024,6027,1131
6027,6028,3937
6028,6030,1131
6028,6031,590
6029,6030,3527
6029,6036,7266
6030,6031,1082
6031,6037,935
6033,6034,3130
6034,6035,8612
6035,6099,6517
6035,6100,8767
6037,6038,10823
6038,6047,6037
6038,6048,4012
6038,6050,5190
6039,6042,10559
6039,6046,2981
6040,6041,4546
6040,6087,1680
6040,6088,6798
6042,6044,4214
6042,6055,9839
6043,6044,1338
6044,6045,14261
6045,6058,4018
6045,6091,1872
6046,6049,6179
6047,6048,3359
6047,6049,5131
6048,6051,1009
6048,6122,3054
6049,6052,8388
6051,6123,1318
6051,6125,6073
6052,6054,5689
6052,6055,1764
6054,6129,4267
6054,6131,3120
6055,6056,4214
6056,6057,5689
6056,6058,9483
6058,6092,3624
6059,6060,8034
6060,6062,3152
6060,6068,1722
6061,6062,11569
6061,6064,2299
6062,6069,16147
6063,6064,3461
6063,6074,4018
6063,6075,4837
6064,6082,7929
6066,6067,10633
6066,6070,3654
6069,6071,2019
6069,6076,1491
6070,6071,2746
6071,6072,10764
6073,6074,5849
6074,6084,9518
6076,6077,4875
6076,6080,12898
6077,6078,8503
6077,6079,8043
6080,6081,5067
6080,6087,7438
6083,6084,4603
6083,6086,5005
6084,6085,5838
6086,6087,4167
6088,6089,4091
6088,6090,11788
6088,6093,8257
6089,6094,8057
6090,6098,2572
6095,6096,6956
6095,6097,1491
6097,6180,7147
6100,6103,5696
6100,6106,5295
6101,6102,7369
6101,6106,3927
6101,6113,9384
6103,6105,1644
6104,6105,1840
6104,6110,4195
6104,6111,7117
6105,6110,5757
6106,6107,5381
6108,6109,11398
6108,6115,18057
6108,6126,2314
6109,6110,2280
6111,6113,4874
6111,6115,2913
6112,6114,3730
6113,6117,6484
6115,6116,3955
6116,6118,7976
6116,6149,7778
6118,6142,9325
6118,6160,1942
6119,6120,3009
6119,6121,6608
6119,6122,9992
6122,6124,6282
6123,6125,5922
6123,6129,5604
6125,6126,3606
6127,6128,6656
6128,6136,1903
6128,6137,7331
6129,6134,891
6129,6137,3187
6132,6133,6052
6132,6134,2554
6132,6179,6393
6134,6135,7961
6135,6182,1286
6135,6183,1524
6137,6138,3527
6139,6140,8080
6139,6141,4978
6139,6142,5822
6142,6143,5659
6143,6144,7737
6143,6145,17449
6145,6146,8622
6145,6147,1185
6147,6182,5376
6147,6187,7250
6148,6150,18328
6148,6157,7992
6150,6162,11833
6150,6164,2083
6151,6152,6184
6151,6153,4741
6151,6269,17364
6152,6153,4734
6152,6154,7086
6153,6155,7782
6155,6156,5877
6155,6157,6015
6157,6158,4850
6158,6159,6337
6158,6271,10277
6160,6161,909
6161,6162,771
6163,6164,4254
6163,6165,4426
6163,6172,8077
6164,6442,5012
6165,6166,3396
6165,6175,6725
6165,6176,2504
6167,6168,2186
6167,6169,838
6167,6171,882
6169,6170,6605
6169,6171,859
6170,6172,1875
6170,6173,6992
6171,6272,5889
6173,6285,6475
6173,6287,1286
6174,6175,6403
6174,6177,9774
6174,6292,10703
6175,6178,7306
6177,6204,4087
6177,6205,8484
6179,6180,1670
6179,6184,7924
6180,6181,2713
6181,6186,4185
6182,6183,1276
6183,6184,3618
6184,6185,8383
6185,6188,1764
6188,6189,2165
6189,6190,1162
6190,6191,21937
6191,6202,5553
6192,6193,2568
6192,6194,1669
6192,6195,7799
6195,6196,5231
6195,6197,7504
6197,6200,3362
6197,6203,4014
6198,6199,2600
6198,6200,4579
6198,6202,9189
6200,6201,11115
6202,6210,1870
6204,6205,7541
6204,6207,3230
6205,6335,3221
6207,6208,5615
6207,6209,13990
6209,6336,9027
6209,6337,5840
6211,6212,3394
6212,6339,3394
6213,6214,9223
6213,6215,4619
6213,6216,16579
6215,6237,26546
6216,6217,2995
6216,6218,2869
6217,6223,7583
6217,6224,3565
6218,6222,1848
6218,261041,1375
6219,6220,3439
6219,6223,8686
6219,6360,2948
6220,6221,5708
6220,6225,1621
6221,6223,5558
6222,6360,2782
6222,261041,857
6225,6226,18298
6225,261043,172
6226,6229,12000
6226,6230,3962
6229,6251,5880
6229,6255,3869
6229,6256,6332
6233,6255,12675
6235,6236,16976
6236,6239,6165
6236,6247,8724
6237,6250,5894
6237,6251,5554
6239,6240,9866
6241,6242,6025
6241,6243,3636
6243,6244,4403
6243,6246,3960
6244,6245,4523
6246,6267,2324
6246,6268,2629
6247,6248,10490
6247,6249,4992
6247,6260,14681
6249,6309,929
6249,6311,3701
6251,6252,9031
6252,6253,11389
6252,6257,15495
6253,6254,5698
6255,6256,9424
6256,6257,1326
6258,6259,6553
6258,6263,6204
6258,6317,12032
6260,6261,6656
6261,6262,24985
6261,6263,7520
6261,6264,2447
6265,6266,8304
6265,6269,8143
6265,6275,5395
6268,6269,3568
6268,6270,3475
6271,6272,12841
6271,6273,7885
6272,6285,3980
6273,6274,5260
6273,6276,4415
6275,6276,5093
6275,6278,4265
6277,6278,8581
6277,6279,2452
6277,6309,4527
6278,6280,1255
6280,6281,1082
6280,6282,933
6281,6282,838
6281,6283,2525
6282,6284,8767
6283,6310,9449
6283,6314,17681
6284,6313,9612
6284,6314,9360
6285,6286,2719
6287,6288,2309
6287,6297,6881
6288,6289,1162
6288,6290,6380
6289,6291,6450
6290,6293,6834
6290,6294,11981
6294,6300,6697
6294,6301,594
6295,6296,8503
6295,6297,4053
6295,6298,7452
6298,6299,15009
6298,6316,8234
6301,6302,3888
6301,6303,3740
6303,6306,3554
6303,6307,5316
6304,6305,4796
6304,6306,3692
6304,6308,10581
6304,6327,14919
6307,6340,2797
6307,6341,2019
6308,6349,6015
6308,6350,8429
6309,6310,5443
6310,6312,1992
6312,6317,1184
6312,6318,753
6314,6315,7931
6314,6316,9166
6316,6322,11949
6317,6318,1405
6318,6319,3068
6319,6320,8233
6319,6321,3065
6322,6325,11162
6322,6326,3484
6323,6324,13656
6323,6326,5964
6323,6329,502
6326,6327,7581
6327,6330,4251
6328,6329,2026
6328,6452,3741
6330,6331,11144
6330,6332,4373
6331,6334,11352
6331,6352,4523
6332,6333,2117
6333,6334,1719
6336,6344,14750
6337,6338,3618
6337,6342,10781
6340,6342,13487
6340,6475,10251
6342,6343,5906
6345,6346,9203
6345,6347,9991
6347,6348,4626
6352,6353,9253
6352,6354,4403
6353,6357,16918
6353,6358,2362
6355,6356,8396
6355,6358,965
6364,6365,1210
6365,6435,268
6371,6372,564
6382,6383,1932
6382,6453,1686
6435,6436,3299
6439,6466,4429
6448,6449,4360
6448,6450,1789
6456,6457,3908
6461,6462,8452
6491,6492,3969
236979,236980,6476
236979,260806,7703
236979,260939,6112
236980,260805,7526
236980,260807,4162
239240,255019,4218
239761,239762,5349
239761,260786,2040
239761,260787,256
245111,245112,11481
245111,259833,2799
245112,259848,1864
245112,261295,3363
255019,261001,8205
255019,263881,2171
259409,259410,16440
259410,259411,13258
259411,259413,12534
259411,263001,5017
259413,259422,19156
259413,262999,7705
259789,259793,1265
259791,259793,6980
259805,259816,25086
259816,259834,8402
259816,263018,2149
259833,263023,9493
259833,264170,3173
259834,259835,2653
259834,263023,3257
259835,259836,5479
259835,259845,12363
259836,263028,4235
259837,259838,7040
259837,259840,4191
259837,260971,12473
259838,263001,7455
259838,263740,3823
259840,259841,4301
259840,260613,12376
259841,259842,4195
259841,260972,5483
259848,259849,1588
259849,263961,284
259849,264171,2549
260668,260671,9275
260671,260672,8152
260671,260894,14282
260709,260760,14581
260728,260729,5128
260729,260779,16121
260729,260780,5356
260731,260732,8740
260731,260738,9589
260731,260739,5027
260732,260893,4252
260732,262943,4063
260733,260734,8316
260733,260737,4538
260733,260740,3870
260738,260740,1210
260738,260746,4473
260739,260751,8781
260739,260806,16024
260740,260745,5305
260741,260742,5944
260741,260743,3339
260741,260744,3003
260744,260973,8817
260744,260974,7985
260746,260747,5972
260746,260748,11223
260746,260752,5467
260748,260749,3286
260748,260750,5977
260750,260757,13551
260750,260974,5662
260751,260752,4505
260751,260755,9432
260752,260753,4416
260754,260755,3413
260754,260756,4233
260754,260757,5187
260755,262959,6301
260757,260812,7321
260757,260981,8003
260760,260764,12224
260760,260766,1390
260766,260775,22257
260767,260769,5356
260769,260770,9183
260769,260771,4371
260770,260778,2466
260770,260782,4135
260771,260772,2636
260771,260773,3784
260773,260774,2944
260773,260782,4585
260775,260785,1547
260775,260786,3182
260777,260778,1096
260779,260783,2461
260779,262929,9858
260782,260785,9299
260783,260784,14779
260783,262938,17573
260785,260799,26787
260786,260787,3444
260787,260788,1047
260787,260789,5040
260788,260789,6531
260789,260790,3304
260790,260797,2540
260790,261098,4555
260791,260792,7066
260791,260812,8608
260791,260816,43048
260796,260797,3246
260796,260798,15296
260796,260799,16727
260797,260894,6100
260799,260902,1053
260800,260801,7453
260800,260802,5396
260800,260803,6718
260803,260804,15318
260804,260904,4118
260806,262958,3300
260807,260808,6768
260807,262955,7024
260808,260809,2885
260808,260816,11582
260809,260810,5759
260809,260811,12806
260812,260936,7889
260813,260814,13420
260813,260820,3064
260813,260938,901
260814,262938,8119
260814,262956,7839
260816,260819,6190
260817,260818,8915
260817,260819,4318
260817,260820,7122
260820,260821,5525
260821,262965,364
260841,260895,5874
260841,260897,1914
260879,262962,4312
260886,260887,5750
260886,260890,5491
260886,262962,30821
260887,260888,1798
260887,262973,6191
260890,260891,16257
260890,260892,5175
260891,260956,5236
260891,260966,7467
260892,261005,13807
260894,260895,3884
260895,260896,431
260897,260900,18046
260900,260901,7244
260900,260910,10582
260902,260903,8407
260902,260905,7963
260903,260906,17049
260903,260924,17075
260904,260905,2822
260904,260907,5998
260905,262990,3245
260906,260908,8454
260906,260909,11615
260907,260937,6436
260907,260941,6791
260908,260928,4601
260908,260940,31098
260910,260911,11361
260910,260912,7407
260912,260920,4762
260917,260918,4129
260917,260919,3702
260918,262976,1121
260919,260922,6438
260919,262979,13774
260920,260921,1745
260920,260925,2562
260921,262979,351
260921,262981,3497
260922,260923,2339
260923,260926,11405
260924,260925,1567
260925,262978,11932
260926,260927,1442
260926,260931,870
260927,262978,3452
260928,260929,7043
260928,260930,11494
260929,260944,12179
260929,260945,997
260930,260948,1583
260931,260934,4339
260931,260955,8874
260932,260933,6368
260932,260948,749
260932,260949,2321
260932,260951,10681
260933,260955,7412
260934,260935,6976
260934,260959,7022
260935,260957,12181
260935,260961,12052
260938,262966,2629
260938,262967,2662
260940,260941,3962
260940,260942,4679
260940,262968,4037
260942,260943,8290
260946,260947,9920
260946,260952,14878
260948,260950,2061
260949,260950,3848
260949,262987,1723
260951,262984,9480
260953,260954,5158
260953,260956,25110
260953,262977,13202
260954,262975,2662
260956,260965,5281
260960,260961,6030
260960,260963,12649
260960,260964,9130
260960,262983,10057
260961,262982,3339
260965,260967,40439
260965,260968,9888
260966,261099,2321
260966,262964,2198
260967,260970,22668
260968,260969,2218
260968,260970,28030
260970,261025,4600
260971,263003,2557
260974,260975,7802
260975,260976,3947
260975,260978,6868
260976,261425,3884
260976,262971,4457
260978,260982,9527
260979,260980,9905
260979,260982,5729
260981,260982,6000
260996,261005,9905
260996,261006,5293
261001,261007,4786
261001,261023,3936
261004,261007,3168
261005,262463,4803
261006,261007,2563
261023,261024,24610
261023,261028,1209
261024,261025,2209
261024,261027,5589
261026,261027,1838
261026,261039,4480
261027,263441,2254
261028,261029,5541
261028,261030,11332
261029,261031,5154
261029,261032,2000
261032,261033,3754
261033,261035,5722
261033,261038,10773
261036,261037,4309
261036,261044,5298
261036,263441,4782
261038,261043,2936
261038,261048,6843
261039,261040,6602
261039,261041,5497
261041,261042,3490
261042,261044,1890
261043,261044,6157
261045,261048,3275
261048,261051,6670
261099,261100,1794
261099,262196,1332
261295,261296,3667
261295,264172,2041
261296,261297,327
262938,262939,4987
262962,262963,34
262966,262968,2791
262966,262969,4784
262968,262970,3373
262975,262976,15460
262979,262980,2922
262983,262989,7456
262983,264342,9800
262984,262985,436
262985,262986,588
263001,263002,4959
263003,263004,1534
263003,263005,1444
263023,263024,2459
263027,263028,1636
263027,263794,1659
263027,263961,1681
263028,263794,2183
263441,263443,4695
263693,263694,2602
